创想电玩PS4主机4K高清家用游戏机slim/PRO,//g-search1.alicdn.com/img/bao/uploaded/i4/imgextra/i2/13967807/TB2tytjbVmWBuNjSspdXXbugXXa_!!0-saturn_solar.jpg,1699.00,0.00,上海,3207,,91913214,jxlyh91
香港直邮 索尼PS4主机PRO 体感家用游戏机,//g-search1.alicdn.com/img/bao/uploaded/i4/imgextra/i4/99675890/TB2LxPDrWQoBKNjSZJnXXaw9VXa_!!0-saturn_solar.jpg,2130.00,0.00,香港 香港岛,328,,2227329135,同为夏普迷
PS4 5.05版游戏机战神4星球大战2限定版主机,//g-search1.alicdn.com/img/bao/uploaded/i4/imgextra/i3/123956523/TB22BSTnRsmBKNjSZFFXXcT9VXa_!!0-saturn_solar.jpg,2050.16,0.00,湖南 长沙,7,,3312882228,索骏电子科技
艺电易玩 PS4主机SLIM Pro全新原装 港版国行新款500G/1TB游戏机,//g-search2.alicdn.com/img/bao/uploaded/i4/i1/305920714/TB2uayuz7SWBuNjSszdXXbeSpXa_!!305920714.jpg,1699.00,0.00,北京,1190,8853,305920714,birose
米其林正品汽车轮胎 215/55R17 PS4 98W  4ST 94V  94V 3ST,//g-search3.alicdn.com/img/bao/uploaded/i4/i4/927349816/TB2LHNaD7KWBuNjy1zjXXcOypXa_!!927349816.jpg,644.87,25.00,上海,43,21,927349816,无与轮比007
江浙沪皖包邮 米其林轮胎245/45R18 100Y AO ps3  PS4  100W 3ST,//g-search3.alicdn.com/img/bao/uploaded/i4/i1/472684589/TB2G_XgAhxmpuFjSZFNXXXrRXXa_!!472684589.jpg,970.00,45.00,上海,28,82,472684589,wencb2010
全新米其林轮胎245/45R18    100W   3ST浩悦/PS4/3ST ZP防爆,//g-search1.alicdn.com/img/bao/uploaded/i4/i3/3188594753/TB25LdAa8DH8KJjSspnXXbNAVXa_!!3188594753.jpg,940.00,80.00,上海,20,118,3188594753,一泓清水1510
江浙沪皖包邮 米其林轮胎 235/45R18    98Y  PS4 94V 3ST,//g-search3.alicdn.com/img/bao/uploaded/i4/i2/747414662/TB2tdczlBDH8KJjSspnXXbNAVXa_!!747414662.jpg,965.00,80.00,上海,21,24,747414662,橄榄树1510
全新米其林轮胎235/45R17 97W  PS4 / 3ST/PS3 浩悦4代,//g-search2.alicdn.com/img/bao/uploaded/i4/i2/747414662/TB2DNPAakfb_uJkSnfoXXb_epXa_!!747414662.jpg,870.00,40.00,上海,30,171,747414662,橄榄树1510
全新米其林轮胎 215/55R17   3ST  浩悦  PS4 浩悦4代,//g-search1.alicdn.com/img/bao/uploaded/i4/i3/747414662/TB2cvxpXx6I8KJjSszfXXaZVXXa_!!747414662.jpg,650.00,40.00,上海,16,270,747414662,橄榄树1510
Onitsuka Tiger/鬼塚虎 男女休闲运动童鞋 MEXICO 66 PS  C4D5Y,//g-search3.alicdn.com/img/bao/uploaded/i4/i4/1635636237/O1CN011vwaiORCWJ4Nblt_!!1635636237.jpg,449.00,0.00,上海,189,1058,1635636237,onitsukatiger官方旗舰店
全新米其林轮胎 包邮江浙沪皖 225/45R18  225/235/40R18 PS4,//g-search1.alicdn.com/img/bao/uploaded/i4/i3/747414662/TB263R1ahPI8KJjSspfXXcCFXXa_!!747414662.jpg,780.00,40.00,上海,15,50,747414662,橄榄树1510
米其林轮胎PS4 235/45R18 225/245/255/275/35/40/50/55R17 19 20,//g-search2.alicdn.com/img/bao/uploaded/i4/i3/2822275097/TB2Lc7OaviSBuNkSnhJXXbDcpXa_!!2822275097.jpg,450.00,0.00,广东 深圳,30,242,2822275097,飞驰轮胎经营部
米其林轮胎245/45R18   100Y  PS3 PS4 轮胎  ZP 防爆,//g-search3.alicdn.com/img/bao/uploaded/i4/i2/3188594753/TB2tw0Ja26H8KJjSspmXXb2WXXa_!!3188594753.jpg,945.00,40.00,上海,11,33,3188594753,一泓清水1510
好礼相送！全新米其林 235/35R19 ZR 91Y PSS PS4S CUP2 CLA45 AM,//g-search1.alicdn.com/img/bao/uploaded/i4/i1/759135497/TB27EM4ashmZKJjSZFPXXc5_XXa_!!759135497.jpg,1110.00,0.00,上海,9,34,759135497,菲林009
PS4 全新米其林轮胎205/215/225/235/245/255/35/40/45R17R18R19,//g-search1.alicdn.com/img/bao/uploaded/i4/i4/352556966/TB2tjB1jamgSKJjSspiXXXyJFXa_!!352556966.jpg,820.00,25.00,上海,20,125,352556966,大余的春天
PS4 全新米其林轮胎205/215/225/235/245/255/35/40/45R17R18R19,//g-search3.alicdn.com/img/bao/uploaded/i4/i2/759135497/TB2Xf3FmILJ8KJjy0FnXXcFDpXa_!!759135497.jpg,820.00,25.00,上海,15,2,759135497,菲林009
Nike 耐克官方 KYRIE 4 (PS) 幼童运动童鞋 AA2898,//g-search2.alicdn.com/img/bao/uploaded/i4/i4/890482188/TB2yRSotQUmBKNjSZFOXXab2XXa_!!890482188-0-item_pic.jpg,599.00,0.00,上海,102,161,890482188,nike官方旗舰店
全新米其林轮胎235/35R19 91Y（ZR）PSS PS4S CUP2 福克斯RS/CLA4,//g-search3.alicdn.com/img/bao/uploaded/i4/i4/352556966/TB2idDfHeuSBuNjSsziXXbq8pXa_!!352556966.jpg,1110.00,0.00,上海,10,57,352556966,大余的春天
米其林轮胎225/40R18 PS4 92Y 操控 奥迪A3原配 全新正品 送气嘴,//g-search3.alicdn.com/img/bao/uploaded/i4/i4/899920643/O1CN011GcX79kK3Rz0n22_!!899920643.jpg,879.12,15.00,广东 广州,9,10,899920643,沈丶华丶兴
巨阳CD架DVD收纳架 碟片架 ps4游戏光盘整理架 蓝光碟 黑胶碟片架,//g-search3.alicdn.com/img/bao/uploaded/i4/i1/3193332515/TB1uSSnk_JYBeNjy1zeXXahzVXa_!!0-item_pic.jpg,95.00,0.00,福建 福州,125,259,3193332515,巨阳家居旗舰店
全新米其林轮胎 Pilot Sport 4 S 255/40R20 ZR 101Y PS4S 正品,//g-search2.alicdn.com/img/bao/uploaded/i4/i2/759135497/TB2yU.mm8cHL1JjSZFBXXaiGXXa_!!759135497.jpg,1950.00,0.00,上海,4,,759135497,菲林009
米其林轮胎225/45R19 PILOT SPORT4 竞驰PS4 96W阿特兹适配全新,//g-search3.alicdn.com/img/bao/uploaded/i4/i3/2620648863/TB1s.N.zuuSBuNjSsziXXbq8pXa_!!0-item_pic.jpg,1750.00,58.50,北京,5,17,2620648863,安德诚汽车用品专营店
米其林轮胎 225/45R18 95W   PS4  95Y PRIMZCY 3 ZP 防爆胎,//g-search1.alicdn.com/img/bao/uploaded/i4/i2/472684589/TB2CzuHyrJmpuFjSZFwXXaE4VXa_!!472684589.jpg,790.00,45.00,上海,7,23,472684589,wencb2010
Nike 耐克官方 SUNRAY ADJUST 4 (GS/PS) 幼童/大童凉鞋 386520,//g-search1.alicdn.com/img/bao/uploaded/i4/i1/890482188/O1CN011S292rsI49uNgLi_!!890482188.jpg,239.00,0.00,上海,98,849,890482188,nike官方旗舰店
cd收纳盒 家用dvd收纳碟片光盘盒日本进口漫画专辑整理 ps4收纳箱,//g-search3.alicdn.com/img/bao/uploaded/i4/i1/2639307992/TB2lZM_lmBYBeNjy0FeXXbnmFXa_!!2639307992.jpg,66.00,0.00,上海,206,1345,2639307992,e100yenshop
日本进口inomata收纳盒DVD碟片整理盒超大容量CD收纳盒ps4光盘盒,//g-search2.alicdn.com/img/bao/uploaded/i4/i4/TB1i00uRFXXXXagXFXXXXXXXXXX_!!0-item_pic.jpg,42.00,0.00,浙江 金华,261,375,2533251694,萌萌哒创意家居馆
Nike 耐克官方 SUNRAY ADJUST 4 (GS/PS) 幼童/大童凉鞋 386520,//g-search3.alicdn.com/img/bao/uploaded/i4/i4/3728394127/TB1gP7vtDqWBKNjSZFAXXanSpXa_!!0-item_pic.jpg,239.00,0.00,上海,59,399,3728394127,nike儿童官方旗舰店
米其林轮胎225/50R17 98W 4ST 浩悦4 静音米其林225 50 17 PS4,//g-search1.alicdn.com/img/bao/uploaded/i4/i1/927349816/TB2Nw95DrSYBuNjSspfXXcZCpXa_!!927349816.jpg,742.00,25.00,上海,7,2,927349816,无与轮比007
米其林轮胎215/45R17 ZR 91Y PS4 高性能改装升级 杭州实体店,//g-search2.alicdn.com/img/bao/uploaded/i4/i2/361642473/O1CN011U8fv4omHfsfpul_!!361642473.jpg,850.00,60.00,浙江 杭州,3,1,361642473,hsl00333
HTC VIVE近视镜片PSVR镜框索尼PRO/FOCUS/PS4VR二代平光保护镜片,//g-search1.alicdn.com/img/bao/uploaded/i4/i2/2657308513/TB2sQcccfDH8KJjy1XcXXcpdXXa_!!2657308513.jpg,29.00,0.00,湖北 武汉,29,205,2657308513,十才老板
江浙沪皖包邮  米其林轮胎 225/45R17 94W 3ST 4ST  94Y  PS4,//g-search3.alicdn.com/img/bao/uploaded/i4/i1/472684589/TB28OhosHtlpuFjSspoXXbcDpXa_!!472684589.jpg,815.00,45.00,上海,9,38,472684589,wencb2010
日本进口ISETO 漫画收纳箱DVD收纳盒PS4游戏光盘盒塑料有盖漫画盒,//g-search3.alicdn.com/img/bao/uploaded/i4/i3/11308198/TB1smazfNPI8KJjSspfXXcCFXXa_!!0-item_pic.jpg,78.00,8.00,上海,95,456,11308198,蓝色星河
Nike 耐克官方 KYRIE 4 (PS) 幼童运动童鞋 AA2898,//g-search3.alicdn.com/img/bao/uploaded/i4/i1/3728394127/TB1_TkQtyAnBKNjSZFvXXaTKXXa_!!0-item_pic.jpg,599.00,0.00,上海,30,24,3728394127,nike儿童官方旗舰店
全新米其林轮胎225/45R19 96W PS4 阿特兹 英菲尼迪G37 宝马3系,//g-search2.alicdn.com/img/bao/uploaded/i4/i2/361642473/TB2xhyPegLD8KJjSszeXXaGRpXa_!!361642473.jpg,1600.00,60.00,浙江 杭州,1,,361642473,hsl00333
米其林轮胎 225/45R18 ZR PS4 95W 适配起亚K5索纳塔八代尚酷,//g-search3.alicdn.com/img/bao/uploaded/i4/i1/2320347850/TB1v7h9axGYBuNjy0FnXXX5lpXa_!!0-item_pic.jpg,849.00,0.00,河北 保定,4,7,2320347850,驰远汽车用品专营店
创想电玩PS4主机4K高清家用游戏机slim/PRO,//g-search1.alicdn.com/img/bao/uploaded/i4/imgextra/i2/13967807/TB2tytjbVmWBuNjSspdXXbugXXa_!!0-saturn_solar.jpg,1699.00,0.00,上海,3207,,91913214,jxlyh91
香港直邮 索尼PS4主机PRO 体感家用游戏机,//g-search1.alicdn.com/img/bao/uploaded/i4/imgextra/i4/99675890/TB2LxPDrWQoBKNjSZJnXXaw9VXa_!!0-saturn_solar.jpg,2130.00,0.00,香港 香港岛,328,,2227329135,同为夏普迷
PS4 5.05版游戏机战神4星球大战2限定版主机,//g-search1.alicdn.com/img/bao/uploaded/i4/imgextra/i3/123956523/TB22BSTnRsmBKNjSZFFXXcT9VXa_!!0-saturn_solar.jpg,2050.16,0.00,湖南 长沙,7,,3312882228,索骏电子科技
艺电易玩 PS4主机SLIM Pro全新原装 港版国行新款500G/1TB游戏机,//g-search3.alicdn.com/img/bao/uploaded/i4/i1/305920714/TB2uayuz7SWBuNjSszdXXbeSpXa_!!305920714.jpg,1699.00,0.00,北京,1190,8853,305920714,birose
米其林正品汽车轮胎 215/55R17 PS4 98W  4ST 94V  94V 3ST,//g-search2.alicdn.com/img/bao/uploaded/i4/i4/927349816/TB2LHNaD7KWBuNjy1zjXXcOypXa_!!927349816.jpg,644.87,25.00,上海,43,21,927349816,无与轮比007
江浙沪皖包邮 米其林轮胎245/45R18 100Y AO ps3  PS4  100W 3ST,//g-search3.alicdn.com/img/bao/uploaded/i4/i1/472684589/TB2G_XgAhxmpuFjSZFNXXXrRXXa_!!472684589.jpg,970.00,45.00,上海,28,82,472684589,wencb2010
全新米其林轮胎245/45R18    100W   3ST浩悦/PS4/3ST ZP防爆,//g-search3.alicdn.com/img/bao/uploaded/i4/i3/3188594753/TB25LdAa8DH8KJjSspnXXbNAVXa_!!3188594753.jpg,940.00,80.00,上海,20,118,3188594753,一泓清水1510
江浙沪皖包邮 米其林轮胎 235/45R18    98Y  PS4 94V 3ST,//g-search2.alicdn.com/img/bao/uploaded/i4/i2/747414662/TB2tdczlBDH8KJjSspnXXbNAVXa_!!747414662.jpg,965.00,80.00,上海,21,24,747414662,橄榄树1510
全新米其林轮胎235/45R17 97W  PS4 / 3ST/PS3 浩悦4代,//g-search2.alicdn.com/img/bao/uploaded/i4/i2/747414662/TB2DNPAakfb_uJkSnfoXXb_epXa_!!747414662.jpg,870.00,40.00,上海,30,171,747414662,橄榄树1510
全新米其林轮胎 215/55R17   3ST  浩悦  PS4 浩悦4代,//g-search3.alicdn.com/img/bao/uploaded/i4/i3/747414662/TB2cvxpXx6I8KJjSszfXXaZVXXa_!!747414662.jpg,650.00,40.00,上海,16,270,747414662,橄榄树1510
Onitsuka Tiger/鬼塚虎 男女休闲运动童鞋 MEXICO 66 PS  C4D5Y,//g-search3.alicdn.com/img/bao/uploaded/i4/i4/1635636237/O1CN011vwaiORCWJ4Nblt_!!1635636237.jpg,449.00,0.00,上海,189,1058,1635636237,onitsukatiger官方旗舰店
全新米其林轮胎 包邮江浙沪皖 225/45R18  225/235/40R18 PS4,//g-search3.alicdn.com/img/bao/uploaded/i4/i3/747414662/TB263R1ahPI8KJjSspfXXcCFXXa_!!747414662.jpg,780.00,40.00,上海,15,50,747414662,橄榄树1510
米其林轮胎PS4 235/45R18 225/245/255/275/35/40/50/55R17 19 20,//g-search1.alicdn.com/img/bao/uploaded/i4/i3/2822275097/TB2Lc7OaviSBuNkSnhJXXbDcpXa_!!2822275097.jpg,450.00,0.00,广东 深圳,30,242,2822275097,飞驰轮胎经营部
米其林轮胎245/45R18   100Y  PS3 PS4 轮胎  ZP 防爆,//g-search3.alicdn.com/img/bao/uploaded/i4/i2/3188594753/TB2tw0Ja26H8KJjSspmXXb2WXXa_!!3188594753.jpg,945.00,40.00,上海,11,33,3188594753,一泓清水1510
好礼相送！全新米其林 235/35R19 ZR 91Y PSS PS4S CUP2 CLA45 AM,//g-search3.alicdn.com/img/bao/uploaded/i4/i1/759135497/TB27EM4ashmZKJjSZFPXXc5_XXa_!!759135497.jpg,1110.00,0.00,上海,9,34,759135497,菲林009
PS4 全新米其林轮胎205/215/225/235/245/255/35/40/45R17R18R19,//g-search1.alicdn.com/img/bao/uploaded/i4/i4/352556966/TB2tjB1jamgSKJjSspiXXXyJFXa_!!352556966.jpg,820.00,25.00,上海,20,125,352556966,大余的春天
PS4 全新米其林轮胎205/215/225/235/245/255/35/40/45R17R18R19,//g-search1.alicdn.com/img/bao/uploaded/i4/i2/759135497/TB2Xf3FmILJ8KJjy0FnXXcFDpXa_!!759135497.jpg,820.00,25.00,上海,15,2,759135497,菲林009
Nike 耐克官方 KYRIE 4 (PS) 幼童运动童鞋 AA2898,//g-search1.alicdn.com/img/bao/uploaded/i4/i4/890482188/TB2yRSotQUmBKNjSZFOXXab2XXa_!!890482188-0-item_pic.jpg,599.00,0.00,上海,102,161,890482188,nike官方旗舰店
全新米其林轮胎235/35R19 91Y（ZR）PSS PS4S CUP2 福克斯RS/CLA4,//g-search3.alicdn.com/img/bao/uploaded/i4/i4/352556966/TB2idDfHeuSBuNjSsziXXbq8pXa_!!352556966.jpg,1110.00,0.00,上海,10,57,352556966,大余的春天
米其林轮胎225/40R18 PS4 92Y 操控 奥迪A3原配 全新正品 送气嘴,//g-search2.alicdn.com/img/bao/uploaded/i4/i4/899920643/O1CN011GcX79kK3Rz0n22_!!899920643.jpg,879.12,15.00,广东 广州,9,10,899920643,沈丶华丶兴
巨阳CD架DVD收纳架 碟片架 ps4游戏光盘整理架 蓝光碟 黑胶碟片架,//g-search1.alicdn.com/img/bao/uploaded/i4/i1/3193332515/TB1uSSnk_JYBeNjy1zeXXahzVXa_!!0-item_pic.jpg,95.00,0.00,福建 福州,125,259,3193332515,巨阳家居旗舰店
全新米其林轮胎 Pilot Sport 4 S 255/40R20 ZR 101Y PS4S 正品,//g-search3.alicdn.com/img/bao/uploaded/i4/i2/759135497/TB2yU.mm8cHL1JjSZFBXXaiGXXa_!!759135497.jpg,1950.00,0.00,上海,4,,759135497,菲林009
米其林轮胎225/45R19 PILOT SPORT4 竞驰PS4 96W阿特兹适配全新,//g-search3.alicdn.com/img/bao/uploaded/i4/i3/2620648863/TB1s.N.zuuSBuNjSsziXXbq8pXa_!!0-item_pic.jpg,1750.00,58.50,北京,5,17,2620648863,安德诚汽车用品专营店
米其林轮胎 225/45R18 95W   PS4  95Y PRIMZCY 3 ZP 防爆胎,//g-search3.alicdn.com/img/bao/uploaded/i4/i2/472684589/TB2CzuHyrJmpuFjSZFwXXaE4VXa_!!472684589.jpg,790.00,45.00,上海,7,23,472684589,wencb2010
Nike 耐克官方 SUNRAY ADJUST 4 (GS/PS) 幼童/大童凉鞋 386520,//g-search1.alicdn.com/img/bao/uploaded/i4/i1/890482188/O1CN011S292rsI49uNgLi_!!890482188.jpg,239.00,0.00,上海,98,849,890482188,nike官方旗舰店
cd收纳盒 家用dvd收纳碟片光盘盒日本进口漫画专辑整理 ps4收纳箱,//g-search3.alicdn.com/img/bao/uploaded/i4/i1/2639307992/TB2lZM_lmBYBeNjy0FeXXbnmFXa_!!2639307992.jpg,66.00,0.00,上海,206,1345,2639307992,e100yenshop
日本进口inomata收纳盒DVD碟片整理盒超大容量CD收纳盒ps4光盘盒,//g-search3.alicdn.com/img/bao/uploaded/i4/i4/TB1i00uRFXXXXagXFXXXXXXXXXX_!!0-item_pic.jpg,42.00,0.00,浙江 金华,261,375,2533251694,萌萌哒创意家居馆
Nike 耐克官方 SUNRAY ADJUST 4 (GS/PS) 幼童/大童凉鞋 386520,//g-search2.alicdn.com/img/bao/uploaded/i4/i4/3728394127/TB1gP7vtDqWBKNjSZFAXXanSpXa_!!0-item_pic.jpg,239.00,0.00,上海,59,399,3728394127,nike儿童官方旗舰店
米其林轮胎225/50R17 98W 4ST 浩悦4 静音米其林225 50 17 PS4,//g-search1.alicdn.com/img/bao/uploaded/i4/i1/927349816/TB2Nw95DrSYBuNjSspfXXcZCpXa_!!927349816.jpg,742.00,25.00,上海,7,2,927349816,无与轮比007
米其林轮胎215/45R17 ZR 91Y PS4 高性能改装升级 杭州实体店,//g-search1.alicdn.com/img/bao/uploaded/i4/i2/361642473/O1CN011U8fv4omHfsfpul_!!361642473.jpg,850.00,60.00,浙江 杭州,3,1,361642473,hsl00333
HTC VIVE近视镜片PSVR镜框索尼PRO/FOCUS/PS4VR二代平光保护镜片,//g-search3.alicdn.com/img/bao/uploaded/i4/i2/2657308513/TB2sQcccfDH8KJjy1XcXXcpdXXa_!!2657308513.jpg,29.00,0.00,湖北 武汉,29,205,2657308513,十才老板
江浙沪皖包邮  米其林轮胎 225/45R17 94W 3ST 4ST  94Y  PS4,//g-search2.alicdn.com/img/bao/uploaded/i4/i1/472684589/TB28OhosHtlpuFjSspoXXbcDpXa_!!472684589.jpg,815.00,45.00,上海,9,38,472684589,wencb2010
日本进口ISETO 漫画收纳箱DVD收纳盒PS4游戏光盘盒塑料有盖漫画盒,//g-search1.alicdn.com/img/bao/uploaded/i4/i3/11308198/TB1smazfNPI8KJjSspfXXcCFXXa_!!0-item_pic.jpg,78.00,8.00,上海,95,456,11308198,蓝色星河
Nike 耐克官方 KYRIE 4 (PS) 幼童运动童鞋 AA2898,//g-search2.alicdn.com/img/bao/uploaded/i4/i1/3728394127/TB1_TkQtyAnBKNjSZFvXXaTKXXa_!!0-item_pic.jpg,599.00,0.00,上海,30,24,3728394127,nike儿童官方旗舰店
全新米其林轮胎225/45R19 96W PS4 阿特兹 英菲尼迪G37 宝马3系,//g-search1.alicdn.com/img/bao/uploaded/i4/i2/361642473/TB2xhyPegLD8KJjSszeXXaGRpXa_!!361642473.jpg,1600.00,60.00,浙江 杭州,1,,361642473,hsl00333
米其林轮胎 225/45R18 ZR PS4 95W 适配起亚K5索纳塔八代尚酷,//g-search2.alicdn.com/img/bao/uploaded/i4/i1/2320347850/TB1v7h9axGYBuNjy0FnXXX5lpXa_!!0-item_pic.jpg,849.00,0.00,河北 保定,4,7,2320347850,驰远汽车用品专营店
创想电玩PS4主机4K高清家用游戏机slim/PRO,//g-search1.alicdn.com/img/bao/uploaded/i4/imgextra/i2/13967807/TB2tytjbVmWBuNjSspdXXbugXXa_!!0-saturn_solar.jpg,1699.00,0.00,上海,3207,,91913214,jxlyh91
香港直邮 索尼PS4主机PRO 体感家用游戏机,//g-search1.alicdn.com/img/bao/uploaded/i4/imgextra/i4/99675890/TB2LxPDrWQoBKNjSZJnXXaw9VXa_!!0-saturn_solar.jpg,2130.00,0.00,香港 香港岛,328,,2227329135,同为夏普迷
PS4 5.05版游戏机战神4星球大战2限定版主机,//g-search1.alicdn.com/img/bao/uploaded/i4/imgextra/i3/123956523/TB22BSTnRsmBKNjSZFFXXcT9VXa_!!0-saturn_solar.jpg,2050.16,0.00,湖南 长沙,7,,3312882228,索骏电子科技
艺电易玩 PS4主机SLIM Pro全新原装 港版国行新款500G/1TB游戏机,//g-search3.alicdn.com/img/bao/uploaded/i4/i1/305920714/TB2uayuz7SWBuNjSszdXXbeSpXa_!!305920714.jpg,1699.00,0.00,北京,1190,8853,305920714,birose
米其林正品汽车轮胎 215/55R17 PS4 98W  4ST 94V  94V 3ST,//g-search3.alicdn.com/img/bao/uploaded/i4/i4/927349816/TB2LHNaD7KWBuNjy1zjXXcOypXa_!!927349816.jpg,644.87,25.00,上海,43,21,927349816,无与轮比007
江浙沪皖包邮 米其林轮胎245/45R18 100Y AO ps3  PS4  100W 3ST,//g-search1.alicdn.com/img/bao/uploaded/i4/i1/472684589/TB2G_XgAhxmpuFjSZFNXXXrRXXa_!!472684589.jpg,970.00,45.00,上海,28,82,472684589,wencb2010
全新米其林轮胎245/45R18    100W   3ST浩悦/PS4/3ST ZP防爆,//g-search1.alicdn.com/img/bao/uploaded/i4/i3/3188594753/TB25LdAa8DH8KJjSspnXXbNAVXa_!!3188594753.jpg,940.00,80.00,上海,20,118,3188594753,一泓清水1510
江浙沪皖包邮 米其林轮胎 235/45R18    98Y  PS4 94V 3ST,//g-search2.alicdn.com/img/bao/uploaded/i4/i2/747414662/TB2tdczlBDH8KJjSspnXXbNAVXa_!!747414662.jpg,965.00,80.00,上海,21,24,747414662,橄榄树1510
全新米其林轮胎235/45R17 97W  PS4 / 3ST/PS3 浩悦4代,//g-search1.alicdn.com/img/bao/uploaded/i4/i2/747414662/TB2DNPAakfb_uJkSnfoXXb_epXa_!!747414662.jpg,870.00,40.00,上海,30,171,747414662,橄榄树1510
全新米其林轮胎 215/55R17   3ST  浩悦  PS4 浩悦4代,//g-search1.alicdn.com/img/bao/uploaded/i4/i3/747414662/TB2cvxpXx6I8KJjSszfXXaZVXXa_!!747414662.jpg,650.00,40.00,上海,16,270,747414662,橄榄树1510
Onitsuka Tiger/鬼塚虎 男女休闲运动童鞋 MEXICO 66 PS  C4D5Y,//g-search3.alicdn.com/img/bao/uploaded/i4/i4/1635636237/O1CN011vwaiORCWJ4Nblt_!!1635636237.jpg,449.00,0.00,上海,189,1058,1635636237,onitsukatiger官方旗舰店
全新米其林轮胎 包邮江浙沪皖 225/45R18  225/235/40R18 PS4,//g-search3.alicdn.com/img/bao/uploaded/i4/i3/747414662/TB263R1ahPI8KJjSspfXXcCFXXa_!!747414662.jpg,780.00,40.00,上海,15,50,747414662,橄榄树1510
米其林轮胎PS4 235/45R18 225/245/255/275/35/40/50/55R17 19 20,//g-search2.alicdn.com/img/bao/uploaded/i4/i3/2822275097/TB2Lc7OaviSBuNkSnhJXXbDcpXa_!!2822275097.jpg,450.00,0.00,广东 深圳,30,242,2822275097,飞驰轮胎经营部
米其林轮胎245/45R18   100Y  PS3 PS4 轮胎  ZP 防爆,//g-search2.alicdn.com/img/bao/uploaded/i4/i2/3188594753/TB2tw0Ja26H8KJjSspmXXb2WXXa_!!3188594753.jpg,945.00,40.00,上海,11,33,3188594753,一泓清水1510
好礼相送！全新米其林 235/35R19 ZR 91Y PSS PS4S CUP2 CLA45 AM,//g-search1.alicdn.com/img/bao/uploaded/i4/i1/759135497/TB27EM4ashmZKJjSZFPXXc5_XXa_!!759135497.jpg,1110.00,0.00,上海,9,34,759135497,菲林009
PS4 全新米其林轮胎205/215/225/235/245/255/35/40/45R17R18R19,//g-search3.alicdn.com/img/bao/uploaded/i4/i4/352556966/TB2tjB1jamgSKJjSspiXXXyJFXa_!!352556966.jpg,820.00,25.00,上海,20,125,352556966,大余的春天
PS4 全新米其林轮胎205/215/225/235/245/255/35/40/45R17R18R19,//g-search2.alicdn.com/img/bao/uploaded/i4/i2/759135497/TB2Xf3FmILJ8KJjy0FnXXcFDpXa_!!759135497.jpg,820.00,25.00,上海,15,2,759135497,菲林009
Nike 耐克官方 KYRIE 4 (PS) 幼童运动童鞋 AA2898,//g-search1.alicdn.com/img/bao/uploaded/i4/i4/890482188/TB2yRSotQUmBKNjSZFOXXab2XXa_!!890482188-0-item_pic.jpg,599.00,0.00,上海,102,161,890482188,nike官方旗舰店
全新米其林轮胎235/35R19 91Y（ZR）PSS PS4S CUP2 福克斯RS/CLA4,//g-search1.alicdn.com/img/bao/uploaded/i4/i4/352556966/TB2idDfHeuSBuNjSsziXXbq8pXa_!!352556966.jpg,1110.00,0.00,上海,10,57,352556966,大余的春天
米其林轮胎225/40R18 PS4 92Y 操控 奥迪A3原配 全新正品 送气嘴,//g-search2.alicdn.com/img/bao/uploaded/i4/i4/899920643/O1CN011GcX79kK3Rz0n22_!!899920643.jpg,879.12,15.00,广东 广州,9,10,899920643,沈丶华丶兴
巨阳CD架DVD收纳架 碟片架 ps4游戏光盘整理架 蓝光碟 黑胶碟片架,//g-search3.alicdn.com/img/bao/uploaded/i4/i1/3193332515/TB1uSSnk_JYBeNjy1zeXXahzVXa_!!0-item_pic.jpg,95.00,0.00,福建 福州,125,259,3193332515,巨阳家居旗舰店
全新米其林轮胎 Pilot Sport 4 S 255/40R20 ZR 101Y PS4S 正品,//g-search2.alicdn.com/img/bao/uploaded/i4/i2/759135497/TB2yU.mm8cHL1JjSZFBXXaiGXXa_!!759135497.jpg,1950.00,0.00,上海,4,,759135497,菲林009
米其林轮胎225/45R19 PILOT SPORT4 竞驰PS4 96W阿特兹适配全新,//g-search2.alicdn.com/img/bao/uploaded/i4/i3/2620648863/TB1s.N.zuuSBuNjSsziXXbq8pXa_!!0-item_pic.jpg,1750.00,58.50,北京,5,17,2620648863,安德诚汽车用品专营店
米其林轮胎 225/45R18 95W   PS4  95Y PRIMZCY 3 ZP 防爆胎,//g-search2.alicdn.com/img/bao/uploaded/i4/i2/472684589/TB2CzuHyrJmpuFjSZFwXXaE4VXa_!!472684589.jpg,790.00,45.00,上海,7,23,472684589,wencb2010
Nike 耐克官方 SUNRAY ADJUST 4 (GS/PS) 幼童/大童凉鞋 386520,//g-search3.alicdn.com/img/bao/uploaded/i4/i1/890482188/O1CN011S292rsI49uNgLi_!!890482188.jpg,239.00,0.00,上海,98,849,890482188,nike官方旗舰店
cd收纳盒 家用dvd收纳碟片光盘盒日本进口漫画专辑整理 ps4收纳箱,//g-search1.alicdn.com/img/bao/uploaded/i4/i1/2639307992/TB2lZM_lmBYBeNjy0FeXXbnmFXa_!!2639307992.jpg,66.00,0.00,上海,206,1345,2639307992,e100yenshop
日本进口inomata收纳盒DVD碟片整理盒超大容量CD收纳盒ps4光盘盒,//g-search3.alicdn.com/img/bao/uploaded/i4/i4/TB1i00uRFXXXXagXFXXXXXXXXXX_!!0-item_pic.jpg,42.00,0.00,浙江 金华,261,375,2533251694,萌萌哒创意家居馆
Nike 耐克官方 SUNRAY ADJUST 4 (GS/PS) 幼童/大童凉鞋 386520,//g-search3.alicdn.com/img/bao/uploaded/i4/i4/3728394127/TB1gP7vtDqWBKNjSZFAXXanSpXa_!!0-item_pic.jpg,239.00,0.00,上海,59,399,3728394127,nike儿童官方旗舰店
米其林轮胎225/50R17 98W 4ST 浩悦4 静音米其林225 50 17 PS4,//g-search1.alicdn.com/img/bao/uploaded/i4/i1/927349816/TB2Nw95DrSYBuNjSspfXXcZCpXa_!!927349816.jpg,742.00,25.00,上海,7,2,927349816,无与轮比007
米其林轮胎215/45R17 ZR 91Y PS4 高性能改装升级 杭州实体店,//g-search1.alicdn.com/img/bao/uploaded/i4/i2/361642473/O1CN011U8fv4omHfsfpul_!!361642473.jpg,850.00,60.00,浙江 杭州,3,1,361642473,hsl00333
HTC VIVE近视镜片PSVR镜框索尼PRO/FOCUS/PS4VR二代平光保护镜片,//g-search2.alicdn.com/img/bao/uploaded/i4/i2/2657308513/TB2sQcccfDH8KJjy1XcXXcpdXXa_!!2657308513.jpg,29.00,0.00,湖北 武汉,29,205,2657308513,十才老板
江浙沪皖包邮  米其林轮胎 225/45R17 94W 3ST 4ST  94Y  PS4,//g-search2.alicdn.com/img/bao/uploaded/i4/i1/472684589/TB28OhosHtlpuFjSspoXXbcDpXa_!!472684589.jpg,815.00,45.00,上海,9,38,472684589,wencb2010
日本进口ISETO 漫画收纳箱DVD收纳盒PS4游戏光盘盒塑料有盖漫画盒,//g-search3.alicdn.com/img/bao/uploaded/i4/i3/11308198/TB1smazfNPI8KJjSspfXXcCFXXa_!!0-item_pic.jpg,78.00,8.00,上海,95,456,11308198,蓝色星河
Nike 耐克官方 KYRIE 4 (PS) 幼童运动童鞋 AA2898,//g-search3.alicdn.com/img/bao/uploaded/i4/i1/3728394127/TB1_TkQtyAnBKNjSZFvXXaTKXXa_!!0-item_pic.jpg,599.00,0.00,上海,30,24,3728394127,nike儿童官方旗舰店
全新米其林轮胎225/45R19 96W PS4 阿特兹 英菲尼迪G37 宝马3系,//g-search1.alicdn.com/img/bao/uploaded/i4/i2/361642473/TB2xhyPegLD8KJjSszeXXaGRpXa_!!361642473.jpg,1600.00,60.00,浙江 杭州,1,,361642473,hsl00333
米其林轮胎 225/45R18 ZR PS4 95W 适配起亚K5索纳塔八代尚酷,//g-search2.alicdn.com/img/bao/uploaded/i4/i1/2320347850/TB1v7h9axGYBuNjy0FnXXX5lpXa_!!0-item_pic.jpg,849.00,0.00,河北 保定,4,7,2320347850,驰远汽车用品专营店
创想电玩PS4主机4K高清家用游戏机slim/PRO,//g-search1.alicdn.com/img/bao/uploaded/i4/imgextra/i2/13967807/TB2tytjbVmWBuNjSspdXXbugXXa_!!0-saturn_solar.jpg,1699.00,0.00,上海,3207,,91913214,jxlyh91
香港直邮 索尼PS4主机PRO 体感家用游戏机,//g-search1.alicdn.com/img/bao/uploaded/i4/imgextra/i4/99675890/TB2LxPDrWQoBKNjSZJnXXaw9VXa_!!0-saturn_solar.jpg,2130.00,0.00,香港 香港岛,328,,2227329135,同为夏普迷
PS4 5.05版游戏机战神4星球大战2限定版主机,//g-search1.alicdn.com/img/bao/uploaded/i4/imgextra/i3/123956523/TB22BSTnRsmBKNjSZFFXXcT9VXa_!!0-saturn_solar.jpg,2050.16,0.00,湖南 长沙,7,,3312882228,索骏电子科技
艺电易玩 PS4主机SLIM Pro全新原装 港版国行新款500G/1TB游戏机,//g-search3.alicdn.com/img/bao/uploaded/i4/i1/305920714/TB2uayuz7SWBuNjSszdXXbeSpXa_!!305920714.jpg,1699.00,0.00,北京,1190,8853,305920714,birose
米其林正品汽车轮胎 215/55R17 PS4 98W  4ST 94V  94V 3ST,//g-search1.alicdn.com/img/bao/uploaded/i4/i4/927349816/TB2LHNaD7KWBuNjy1zjXXcOypXa_!!927349816.jpg,644.87,25.00,上海,43,21,927349816,无与轮比007
江浙沪皖包邮 米其林轮胎245/45R18 100Y AO ps3  PS4  100W 3ST,//g-search1.alicdn.com/img/bao/uploaded/i4/i1/472684589/TB2G_XgAhxmpuFjSZFNXXXrRXXa_!!472684589.jpg,970.00,45.00,上海,28,82,472684589,wencb2010
全新米其林轮胎245/45R18    100W   3ST浩悦/PS4/3ST ZP防爆,//g-search1.alicdn.com/img/bao/uploaded/i4/i3/3188594753/TB25LdAa8DH8KJjSspnXXbNAVXa_!!3188594753.jpg,940.00,80.00,上海,20,118,3188594753,一泓清水1510
江浙沪皖包邮 米其林轮胎 235/45R18    98Y  PS4 94V 3ST,//g-search3.alicdn.com/img/bao/uploaded/i4/i2/747414662/TB2tdczlBDH8KJjSspnXXbNAVXa_!!747414662.jpg,965.00,80.00,上海,21,24,747414662,橄榄树1510
全新米其林轮胎235/45R17 97W  PS4 / 3ST/PS3 浩悦4代,//g-search2.alicdn.com/img/bao/uploaded/i4/i2/747414662/TB2DNPAakfb_uJkSnfoXXb_epXa_!!747414662.jpg,870.00,40.00,上海,30,171,747414662,橄榄树1510
全新米其林轮胎 215/55R17   3ST  浩悦  PS4 浩悦4代,//g-search3.alicdn.com/img/bao/uploaded/i4/i3/747414662/TB2cvxpXx6I8KJjSszfXXaZVXXa_!!747414662.jpg,650.00,40.00,上海,16,270,747414662,橄榄树1510
Onitsuka Tiger/鬼塚虎 男女休闲运动童鞋 MEXICO 66 PS  C4D5Y,//g-search2.alicdn.com/img/bao/uploaded/i4/i4/1635636237/O1CN011vwaiORCWJ4Nblt_!!1635636237.jpg,449.00,0.00,上海,189,1058,1635636237,onitsukatiger官方旗舰店
全新米其林轮胎 包邮江浙沪皖 225/45R18  225/235/40R18 PS4,//g-search1.alicdn.com/img/bao/uploaded/i4/i3/747414662/TB263R1ahPI8KJjSspfXXcCFXXa_!!747414662.jpg,780.00,40.00,上海,15,50,747414662,橄榄树1510
米其林轮胎PS4 235/45R18 225/245/255/275/35/40/50/55R17 19 20,//g-search3.alicdn.com/img/bao/uploaded/i4/i3/2822275097/TB2Lc7OaviSBuNkSnhJXXbDcpXa_!!2822275097.jpg,450.00,0.00,广东 深圳,30,242,2822275097,飞驰轮胎经营部
米其林轮胎245/45R18   100Y  PS3 PS4 轮胎  ZP 防爆,//g-search3.alicdn.com/img/bao/uploaded/i4/i2/3188594753/TB2tw0Ja26H8KJjSspmXXb2WXXa_!!3188594753.jpg,945.00,40.00,上海,11,33,3188594753,一泓清水1510
好礼相送！全新米其林 235/35R19 ZR 91Y PSS PS4S CUP2 CLA45 AM,//g-search2.alicdn.com/img/bao/uploaded/i4/i1/759135497/TB27EM4ashmZKJjSZFPXXc5_XXa_!!759135497.jpg,1110.00,0.00,上海,9,34,759135497,菲林009
PS4 全新米其林轮胎205/215/225/235/245/255/35/40/45R17R18R19,//g-search1.alicdn.com/img/bao/uploaded/i4/i4/352556966/TB2tjB1jamgSKJjSspiXXXyJFXa_!!352556966.jpg,820.00,25.00,上海,20,125,352556966,大余的春天
PS4 全新米其林轮胎205/215/225/235/245/255/35/40/45R17R18R19,//g-search1.alicdn.com/img/bao/uploaded/i4/i2/759135497/TB2Xf3FmILJ8KJjy0FnXXcFDpXa_!!759135497.jpg,820.00,25.00,上海,15,2,759135497,菲林009
Nike 耐克官方 KYRIE 4 (PS) 幼童运动童鞋 AA2898,//g-search3.alicdn.com/img/bao/uploaded/i4/i4/890482188/TB2yRSotQUmBKNjSZFOXXab2XXa_!!890482188-0-item_pic.jpg,599.00,0.00,上海,102,161,890482188,nike官方旗舰店
全新米其林轮胎235/35R19 91Y（ZR）PSS PS4S CUP2 福克斯RS/CLA4,//g-search3.alicdn.com/img/bao/uploaded/i4/i4/352556966/TB2idDfHeuSBuNjSsziXXbq8pXa_!!352556966.jpg,1110.00,0.00,上海,10,57,352556966,大余的春天
米其林轮胎225/40R18 PS4 92Y 操控 奥迪A3原配 全新正品 送气嘴,//g-search1.alicdn.com/img/bao/uploaded/i4/i4/899920643/O1CN011GcX79kK3Rz0n22_!!899920643.jpg,879.12,15.00,广东 广州,9,10,899920643,沈丶华丶兴
巨阳CD架DVD收纳架 碟片架 ps4游戏光盘整理架 蓝光碟 黑胶碟片架,//g-search3.alicdn.com/img/bao/uploaded/i4/i1/3193332515/TB1uSSnk_JYBeNjy1zeXXahzVXa_!!0-item_pic.jpg,95.00,0.00,福建 福州,125,259,3193332515,巨阳家居旗舰店
全新米其林轮胎 Pilot Sport 4 S 255/40R20 ZR 101Y PS4S 正品,//g-search3.alicdn.com/img/bao/uploaded/i4/i2/759135497/TB2yU.mm8cHL1JjSZFBXXaiGXXa_!!759135497.jpg,1950.00,0.00,上海,4,,759135497,菲林009
米其林轮胎225/45R19 PILOT SPORT4 竞驰PS4 96W阿特兹适配全新,//g-search2.alicdn.com/img/bao/uploaded/i4/i3/2620648863/TB1s.N.zuuSBuNjSsziXXbq8pXa_!!0-item_pic.jpg,1750.00,58.50,北京,5,17,2620648863,安德诚汽车用品专营店
米其林轮胎 225/45R18 95W   PS4  95Y PRIMZCY 3 ZP 防爆胎,//g-search3.alicdn.com/img/bao/uploaded/i4/i2/472684589/TB2CzuHyrJmpuFjSZFwXXaE4VXa_!!472684589.jpg,790.00,45.00,上海,7,23,472684589,wencb2010
Nike 耐克官方 SUNRAY ADJUST 4 (GS/PS) 幼童/大童凉鞋 386520,//g-search3.alicdn.com/img/bao/uploaded/i4/i1/890482188/O1CN011S292rsI49uNgLi_!!890482188.jpg,239.00,0.00,上海,98,849,890482188,nike官方旗舰店
cd收纳盒 家用dvd收纳碟片光盘盒日本进口漫画专辑整理 ps4收纳箱,//g-search3.alicdn.com/img/bao/uploaded/i4/i1/2639307992/TB2lZM_lmBYBeNjy0FeXXbnmFXa_!!2639307992.jpg,66.00,0.00,上海,206,1345,2639307992,e100yenshop
日本进口inomata收纳盒DVD碟片整理盒超大容量CD收纳盒ps4光盘盒,//g-search3.alicdn.com/img/bao/uploaded/i4/i4/TB1i00uRFXXXXagXFXXXXXXXXXX_!!0-item_pic.jpg,42.00,0.00,浙江 金华,261,375,2533251694,萌萌哒创意家居馆
Nike 耐克官方 SUNRAY ADJUST 4 (GS/PS) 幼童/大童凉鞋 386520,//g-search3.alicdn.com/img/bao/uploaded/i4/i4/3728394127/TB1gP7vtDqWBKNjSZFAXXanSpXa_!!0-item_pic.jpg,239.00,0.00,上海,59,399,3728394127,nike儿童官方旗舰店
米其林轮胎225/50R17 98W 4ST 浩悦4 静音米其林225 50 17 PS4,//g-search3.alicdn.com/img/bao/uploaded/i4/i1/927349816/TB2Nw95DrSYBuNjSspfXXcZCpXa_!!927349816.jpg,742.00,25.00,上海,7,2,927349816,无与轮比007
米其林轮胎215/45R17 ZR 91Y PS4 高性能改装升级 杭州实体店,//g-search3.alicdn.com/img/bao/uploaded/i4/i2/361642473/O1CN011U8fv4omHfsfpul_!!361642473.jpg,850.00,60.00,浙江 杭州,3,1,361642473,hsl00333
HTC VIVE近视镜片PSVR镜框索尼PRO/FOCUS/PS4VR二代平光保护镜片,//g-search1.alicdn.com/img/bao/uploaded/i4/i2/2657308513/TB2sQcccfDH8KJjy1XcXXcpdXXa_!!2657308513.jpg,29.00,0.00,湖北 武汉,29,205,2657308513,十才老板
江浙沪皖包邮  米其林轮胎 225/45R17 94W 3ST 4ST  94Y  PS4,//g-search2.alicdn.com/img/bao/uploaded/i4/i1/472684589/TB28OhosHtlpuFjSspoXXbcDpXa_!!472684589.jpg,815.00,45.00,上海,9,38,472684589,wencb2010
日本进口ISETO 漫画收纳箱DVD收纳盒PS4游戏光盘盒塑料有盖漫画盒,//g-search3.alicdn.com/img/bao/uploaded/i4/i3/11308198/TB1smazfNPI8KJjSspfXXcCFXXa_!!0-item_pic.jpg,78.00,8.00,上海,95,456,11308198,蓝色星河
Nike 耐克官方 KYRIE 4 (PS) 幼童运动童鞋 AA2898,//g-search1.alicdn.com/img/bao/uploaded/i4/i1/3728394127/TB1_TkQtyAnBKNjSZFvXXaTKXXa_!!0-item_pic.jpg,599.00,0.00,上海,30,24,3728394127,nike儿童官方旗舰店
全新米其林轮胎225/45R19 96W PS4 阿特兹 英菲尼迪G37 宝马3系,//g-search3.alicdn.com/img/bao/uploaded/i4/i2/361642473/TB2xhyPegLD8KJjSszeXXaGRpXa_!!361642473.jpg,1600.00,60.00,浙江 杭州,1,,361642473,hsl00333
米其林轮胎 225/45R18 ZR PS4 95W 适配起亚K5索纳塔八代尚酷,//g-search2.alicdn.com/img/bao/uploaded/i4/i1/2320347850/TB1v7h9axGYBuNjy0FnXXX5lpXa_!!0-item_pic.jpg,849.00,0.00,河北 保定,4,7,2320347850,驰远汽车用品专营店
创想电玩PS4主机4K高清家用游戏机slim/PRO,//g-search1.alicdn.com/img/bao/uploaded/i4/imgextra/i2/13967807/TB2tytjbVmWBuNjSspdXXbugXXa_!!0-saturn_solar.jpg,1699.00,0.00,上海,3207,,91913214,jxlyh91
香港直邮 索尼PS4主机PRO 体感家用游戏机,//g-search1.alicdn.com/img/bao/uploaded/i4/imgextra/i4/99675890/TB2LxPDrWQoBKNjSZJnXXaw9VXa_!!0-saturn_solar.jpg,2130.00,0.00,香港 香港岛,328,,2227329135,同为夏普迷
PS4 5.05版游戏机战神4星球大战2限定版主机,//g-search1.alicdn.com/img/bao/uploaded/i4/imgextra/i3/123956523/TB22BSTnRsmBKNjSZFFXXcT9VXa_!!0-saturn_solar.jpg,2050.16,0.00,湖南 长沙,7,,3312882228,索骏电子科技
艺电易玩 PS4主机SLIM Pro全新原装 港版国行新款500G/1TB游戏机,//g-search1.alicdn.com/img/bao/uploaded/i4/i1/305920714/TB2uayuz7SWBuNjSszdXXbeSpXa_!!305920714.jpg,1699.00,0.00,北京,1190,8853,305920714,birose
米其林正品汽车轮胎 215/55R17 PS4 98W  4ST 94V  94V 3ST,//g-search3.alicdn.com/img/bao/uploaded/i4/i4/927349816/TB2LHNaD7KWBuNjy1zjXXcOypXa_!!927349816.jpg,644.87,25.00,上海,43,21,927349816,无与轮比007
江浙沪皖包邮 米其林轮胎245/45R18 100Y AO ps3  PS4  100W 3ST,//g-search3.alicdn.com/img/bao/uploaded/i4/i1/472684589/TB2G_XgAhxmpuFjSZFNXXXrRXXa_!!472684589.jpg,970.00,45.00,上海,28,82,472684589,wencb2010
全新米其林轮胎245/45R18    100W   3ST浩悦/PS4/3ST ZP防爆,//g-search2.alicdn.com/img/bao/uploaded/i4/i3/3188594753/TB25LdAa8DH8KJjSspnXXbNAVXa_!!3188594753.jpg,940.00,80.00,上海,20,118,3188594753,一泓清水1510
江浙沪皖包邮 米其林轮胎 235/45R18    98Y  PS4 94V 3ST,//g-search3.alicdn.com/img/bao/uploaded/i4/i2/747414662/TB2tdczlBDH8KJjSspnXXbNAVXa_!!747414662.jpg,965.00,80.00,上海,21,24,747414662,橄榄树1510
全新米其林轮胎235/45R17 97W  PS4 / 3ST/PS3 浩悦4代,//g-search3.alicdn.com/img/bao/uploaded/i4/i2/747414662/TB2DNPAakfb_uJkSnfoXXb_epXa_!!747414662.jpg,870.00,40.00,上海,30,171,747414662,橄榄树1510
全新米其林轮胎 215/55R17   3ST  浩悦  PS4 浩悦4代,//g-search1.alicdn.com/img/bao/uploaded/i4/i3/747414662/TB2cvxpXx6I8KJjSszfXXaZVXXa_!!747414662.jpg,650.00,40.00,上海,16,270,747414662,橄榄树1510
Onitsuka Tiger/鬼塚虎 男女休闲运动童鞋 MEXICO 66 PS  C4D5Y,//g-search1.alicdn.com/img/bao/uploaded/i4/i4/1635636237/O1CN011vwaiORCWJ4Nblt_!!1635636237.jpg,449.00,0.00,上海,189,1058,1635636237,onitsukatiger官方旗舰店
全新米其林轮胎 包邮江浙沪皖 225/45R18  225/235/40R18 PS4,//g-search3.alicdn.com/img/bao/uploaded/i4/i3/747414662/TB263R1ahPI8KJjSspfXXcCFXXa_!!747414662.jpg,780.00,40.00,上海,15,50,747414662,橄榄树1510
米其林轮胎PS4 235/45R18 225/245/255/275/35/40/50/55R17 19 20,//g-search1.alicdn.com/img/bao/uploaded/i4/i3/2822275097/TB2Lc7OaviSBuNkSnhJXXbDcpXa_!!2822275097.jpg,450.00,0.00,广东 深圳,30,242,2822275097,飞驰轮胎经营部
米其林轮胎245/45R18   100Y  PS3 PS4 轮胎  ZP 防爆,//g-search3.alicdn.com/img/bao/uploaded/i4/i2/3188594753/TB2tw0Ja26H8KJjSspmXXb2WXXa_!!3188594753.jpg,945.00,40.00,上海,11,33,3188594753,一泓清水1510
好礼相送！全新米其林 235/35R19 ZR 91Y PSS PS4S CUP2 CLA45 AM,//g-search3.alicdn.com/img/bao/uploaded/i4/i1/759135497/TB27EM4ashmZKJjSZFPXXc5_XXa_!!759135497.jpg,1110.00,0.00,上海,9,34,759135497,菲林009
PS4 全新米其林轮胎205/215/225/235/245/255/35/40/45R17R18R19,//g-search1.alicdn.com/img/bao/uploaded/i4/i4/352556966/TB2tjB1jamgSKJjSspiXXXyJFXa_!!352556966.jpg,820.00,25.00,上海,20,125,352556966,大余的春天
PS4 全新米其林轮胎205/215/225/235/245/255/35/40/45R17R18R19,//g-search2.alicdn.com/img/bao/uploaded/i4/i2/759135497/TB2Xf3FmILJ8KJjy0FnXXcFDpXa_!!759135497.jpg,820.00,25.00,上海,15,2,759135497,菲林009
Nike 耐克官方 KYRIE 4 (PS) 幼童运动童鞋 AA2898,//g-search1.alicdn.com/img/bao/uploaded/i4/i4/890482188/TB2yRSotQUmBKNjSZFOXXab2XXa_!!890482188-0-item_pic.jpg,599.00,0.00,上海,102,161,890482188,nike官方旗舰店
全新米其林轮胎235/35R19 91Y（ZR）PSS PS4S CUP2 福克斯RS/CLA4,//g-search3.alicdn.com/img/bao/uploaded/i4/i4/352556966/TB2idDfHeuSBuNjSsziXXbq8pXa_!!352556966.jpg,1110.00,0.00,上海,10,57,352556966,大余的春天
米其林轮胎225/40R18 PS4 92Y 操控 奥迪A3原配 全新正品 送气嘴,//g-search1.alicdn.com/img/bao/uploaded/i4/i4/899920643/O1CN011GcX79kK3Rz0n22_!!899920643.jpg,879.12,15.00,广东 广州,9,10,899920643,沈丶华丶兴
巨阳CD架DVD收纳架 碟片架 ps4游戏光盘整理架 蓝光碟 黑胶碟片架,//g-search1.alicdn.com/img/bao/uploaded/i4/i1/3193332515/TB1uSSnk_JYBeNjy1zeXXahzVXa_!!0-item_pic.jpg,95.00,0.00,福建 福州,125,259,3193332515,巨阳家居旗舰店
全新米其林轮胎 Pilot Sport 4 S 255/40R20 ZR 101Y PS4S 正品,//g-search3.alicdn.com/img/bao/uploaded/i4/i2/759135497/TB2yU.mm8cHL1JjSZFBXXaiGXXa_!!759135497.jpg,1950.00,0.00,上海,4,,759135497,菲林009
米其林轮胎225/45R19 PILOT SPORT4 竞驰PS4 96W阿特兹适配全新,//g-search3.alicdn.com/img/bao/uploaded/i4/i3/2620648863/TB1s.N.zuuSBuNjSsziXXbq8pXa_!!0-item_pic.jpg,1750.00,58.50,北京,5,17,2620648863,安德诚汽车用品专营店
米其林轮胎 225/45R18 95W   PS4  95Y PRIMZCY 3 ZP 防爆胎,//g-search2.alicdn.com/img/bao/uploaded/i4/i2/472684589/TB2CzuHyrJmpuFjSZFwXXaE4VXa_!!472684589.jpg,790.00,45.00,上海,7,23,472684589,wencb2010
Nike 耐克官方 SUNRAY ADJUST 4 (GS/PS) 幼童/大童凉鞋 386520,//g-search1.alicdn.com/img/bao/uploaded/i4/i1/890482188/O1CN011S292rsI49uNgLi_!!890482188.jpg,239.00,0.00,上海,98,849,890482188,nike官方旗舰店
cd收纳盒 家用dvd收纳碟片光盘盒日本进口漫画专辑整理 ps4收纳箱,//g-search2.alicdn.com/img/bao/uploaded/i4/i1/2639307992/TB2lZM_lmBYBeNjy0FeXXbnmFXa_!!2639307992.jpg,66.00,0.00,上海,206,1345,2639307992,e100yenshop
日本进口inomata收纳盒DVD碟片整理盒超大容量CD收纳盒ps4光盘盒,//g-search1.alicdn.com/img/bao/uploaded/i4/i4/TB1i00uRFXXXXagXFXXXXXXXXXX_!!0-item_pic.jpg,42.00,0.00,浙江 金华,261,375,2533251694,萌萌哒创意家居馆
Nike 耐克官方 SUNRAY ADJUST 4 (GS/PS) 幼童/大童凉鞋 386520,//g-search3.alicdn.com/img/bao/uploaded/i4/i4/3728394127/TB1gP7vtDqWBKNjSZFAXXanSpXa_!!0-item_pic.jpg,239.00,0.00,上海,59,399,3728394127,nike儿童官方旗舰店
米其林轮胎225/50R17 98W 4ST 浩悦4 静音米其林225 50 17 PS4,//g-search1.alicdn.com/img/bao/uploaded/i4/i1/927349816/TB2Nw95DrSYBuNjSspfXXcZCpXa_!!927349816.jpg,742.00,25.00,上海,7,2,927349816,无与轮比007
米其林轮胎215/45R17 ZR 91Y PS4 高性能改装升级 杭州实体店,//g-search1.alicdn.com/img/bao/uploaded/i4/i2/361642473/O1CN011U8fv4omHfsfpul_!!361642473.jpg,850.00,60.00,浙江 杭州,3,1,361642473,hsl00333
HTC VIVE近视镜片PSVR镜框索尼PRO/FOCUS/PS4VR二代平光保护镜片,//g-search2.alicdn.com/img/bao/uploaded/i4/i2/2657308513/TB2sQcccfDH8KJjy1XcXXcpdXXa_!!2657308513.jpg,29.00,0.00,湖北 武汉,29,205,2657308513,十才老板
江浙沪皖包邮  米其林轮胎 225/45R17 94W 3ST 4ST  94Y  PS4,//g-search1.alicdn.com/img/bao/uploaded/i4/i1/472684589/TB28OhosHtlpuFjSspoXXbcDpXa_!!472684589.jpg,815.00,45.00,上海,9,38,472684589,wencb2010
日本进口ISETO 漫画收纳箱DVD收纳盒PS4游戏光盘盒塑料有盖漫画盒,//g-search2.alicdn.com/img/bao/uploaded/i4/i3/11308198/TB1smazfNPI8KJjSspfXXcCFXXa_!!0-item_pic.jpg,78.00,8.00,上海,95,456,11308198,蓝色星河
Nike 耐克官方 KYRIE 4 (PS) 幼童运动童鞋 AA2898,//g-search2.alicdn.com/img/bao/uploaded/i4/i1/3728394127/TB1_TkQtyAnBKNjSZFvXXaTKXXa_!!0-item_pic.jpg,599.00,0.00,上海,30,24,3728394127,nike儿童官方旗舰店
全新米其林轮胎225/45R19 96W PS4 阿特兹 英菲尼迪G37 宝马3系,//g-search2.alicdn.com/img/bao/uploaded/i4/i2/361642473/TB2xhyPegLD8KJjSszeXXaGRpXa_!!361642473.jpg,1600.00,60.00,浙江 杭州,1,,361642473,hsl00333
米其林轮胎 225/45R18 ZR PS4 95W 适配起亚K5索纳塔八代尚酷,//g-search3.alicdn.com/img/bao/uploaded/i4/i1/2320347850/TB1v7h9axGYBuNjy0FnXXX5lpXa_!!0-item_pic.jpg,849.00,0.00,河北 保定,4,7,2320347850,驰远汽车用品专营店
创想电玩PS4主机4K高清家用游戏机slim/PRO,//g-search1.alicdn.com/img/bao/uploaded/i4/imgextra/i2/13967807/TB2tytjbVmWBuNjSspdXXbugXXa_!!0-saturn_solar.jpg,1699.00,0.00,上海,3207,,91913214,jxlyh91
香港直邮 索尼PS4主机PRO 体感家用游戏机,//g-search1.alicdn.com/img/bao/uploaded/i4/imgextra/i4/99675890/TB2LxPDrWQoBKNjSZJnXXaw9VXa_!!0-saturn_solar.jpg,2130.00,0.00,香港 香港岛,328,,2227329135,同为夏普迷
PS4 5.05系统slim PRO游戏主机VR体感游戏,//g-search1.alicdn.com/img/bao/uploaded/i4/imgextra/i3/26510157/TB20hNEX6fguuRjy1zeXXb0KFXa_!!0-saturn_solar.jpg,1385.01,38.00,四川 成都,198,,440479412,星火游戏2
艺电易玩 PS4主机SLIM Pro全新原装 港版国行新款500G/1TB游戏机,//g-search2.alicdn.com/img/bao/uploaded/i4/i1/305920714/TB2uayuz7SWBuNjSszdXXbeSpXa_!!305920714.jpg,1699.00,0.00,北京,1190,8853,305920714,birose
米其林正品汽车轮胎 215/55R17 PS4 98W  4ST 94V  94V 3ST,//g-search3.alicdn.com/img/bao/uploaded/i4/i4/927349816/TB2LHNaD7KWBuNjy1zjXXcOypXa_!!927349816.jpg,644.87,25.00,上海,43,21,927349816,无与轮比007
江浙沪皖包邮 米其林轮胎245/45R18 100Y AO ps3  PS4  100W 3ST,//g-search3.alicdn.com/img/bao/uploaded/i4/i1/472684589/TB2G_XgAhxmpuFjSZFNXXXrRXXa_!!472684589.jpg,970.00,45.00,上海,28,82,472684589,wencb2010
全新米其林轮胎245/45R18    100W   3ST浩悦/PS4/3ST ZP防爆,//g-search1.alicdn.com/img/bao/uploaded/i4/i3/3188594753/TB25LdAa8DH8KJjSspnXXbNAVXa_!!3188594753.jpg,940.00,80.00,上海,20,118,3188594753,一泓清水1510
江浙沪皖包邮 米其林轮胎 235/45R18    98Y  PS4 94V 3ST,//g-search3.alicdn.com/img/bao/uploaded/i4/i2/747414662/TB2tdczlBDH8KJjSspnXXbNAVXa_!!747414662.jpg,965.00,80.00,上海,21,24,747414662,橄榄树1510
全新米其林轮胎235/45R17 97W  PS4 / 3ST/PS3 浩悦4代,//g-search3.alicdn.com/img/bao/uploaded/i4/i2/747414662/TB2DNPAakfb_uJkSnfoXXb_epXa_!!747414662.jpg,870.00,40.00,上海,30,171,747414662,橄榄树1510
全新米其林轮胎 215/55R17   3ST  浩悦  PS4 浩悦4代,//g-search2.alicdn.com/img/bao/uploaded/i4/i3/747414662/TB2cvxpXx6I8KJjSszfXXaZVXXa_!!747414662.jpg,650.00,40.00,上海,16,270,747414662,橄榄树1510
Onitsuka Tiger/鬼塚虎 男女休闲运动童鞋 MEXICO 66 PS  C4D5Y,//g-search2.alicdn.com/img/bao/uploaded/i4/i4/1635636237/O1CN011vwaiORCWJ4Nblt_!!1635636237.jpg,449.00,0.00,上海,189,1058,1635636237,onitsukatiger官方旗舰店
全新米其林轮胎 包邮江浙沪皖 225/45R18  225/235/40R18 PS4,//g-search1.alicdn.com/img/bao/uploaded/i4/i3/747414662/TB263R1ahPI8KJjSspfXXcCFXXa_!!747414662.jpg,780.00,40.00,上海,15,50,747414662,橄榄树1510
米其林轮胎PS4 235/45R18 225/245/255/275/35/40/50/55R17 19 20,//g-search1.alicdn.com/img/bao/uploaded/i4/i3/2822275097/TB2Lc7OaviSBuNkSnhJXXbDcpXa_!!2822275097.jpg,450.00,0.00,广东 深圳,30,242,2822275097,飞驰轮胎经营部
米其林轮胎245/45R18   100Y  PS3 PS4 轮胎  ZP 防爆,//g-search2.alicdn.com/img/bao/uploaded/i4/i2/3188594753/TB2tw0Ja26H8KJjSspmXXb2WXXa_!!3188594753.jpg,945.00,40.00,上海,11,33,3188594753,一泓清水1510
好礼相送！全新米其林 235/35R19 ZR 91Y PSS PS4S CUP2 CLA45 AM,//g-search2.alicdn.com/img/bao/uploaded/i4/i1/759135497/TB27EM4ashmZKJjSZFPXXc5_XXa_!!759135497.jpg,1110.00,0.00,上海,9,34,759135497,菲林009
PS4 全新米其林轮胎205/215/225/235/245/255/35/40/45R17R18R19,//g-search2.alicdn.com/img/bao/uploaded/i4/i4/352556966/TB2tjB1jamgSKJjSspiXXXyJFXa_!!352556966.jpg,820.00,25.00,上海,20,125,352556966,大余的春天
PS4 全新米其林轮胎205/215/225/235/245/255/35/40/45R17R18R19,//g-search1.alicdn.com/img/bao/uploaded/i4/i2/759135497/TB2Xf3FmILJ8KJjy0FnXXcFDpXa_!!759135497.jpg,820.00,25.00,上海,15,2,759135497,菲林009
Nike 耐克官方 KYRIE 4 (PS) 幼童运动童鞋 AA2898,//g-search3.alicdn.com/img/bao/uploaded/i4/i4/890482188/TB2yRSotQUmBKNjSZFOXXab2XXa_!!890482188-0-item_pic.jpg,599.00,0.00,上海,102,161,890482188,nike官方旗舰店
全新米其林轮胎235/35R19 91Y（ZR）PSS PS4S CUP2 福克斯RS/CLA4,//g-search3.alicdn.com/img/bao/uploaded/i4/i4/352556966/TB2idDfHeuSBuNjSsziXXbq8pXa_!!352556966.jpg,1110.00,0.00,上海,10,57,352556966,大余的春天
米其林轮胎225/40R18 PS4 92Y 操控 奥迪A3原配 全新正品 送气嘴,//g-search3.alicdn.com/img/bao/uploaded/i4/i4/899920643/O1CN011GcX79kK3Rz0n22_!!899920643.jpg,879.12,15.00,广东 广州,9,10,899920643,沈丶华丶兴
巨阳CD架DVD收纳架 碟片架 ps4游戏光盘整理架 蓝光碟 黑胶碟片架,//g-search1.alicdn.com/img/bao/uploaded/i4/i1/3193332515/TB1uSSnk_JYBeNjy1zeXXahzVXa_!!0-item_pic.jpg,95.00,0.00,福建 福州,125,259,3193332515,巨阳家居旗舰店
全新米其林轮胎 Pilot Sport 4 S 255/40R20 ZR 101Y PS4S 正品,//g-search1.alicdn.com/img/bao/uploaded/i4/i2/759135497/TB2yU.mm8cHL1JjSZFBXXaiGXXa_!!759135497.jpg,1950.00,0.00,上海,4,,759135497,菲林009
米其林轮胎225/45R19 PILOT SPORT4 竞驰PS4 96W阿特兹适配全新,//g-search1.alicdn.com/img/bao/uploaded/i4/i3/2620648863/TB1s.N.zuuSBuNjSsziXXbq8pXa_!!0-item_pic.jpg,1750.00,58.50,北京,5,17,2620648863,安德诚汽车用品专营店
米其林轮胎 225/45R18 95W   PS4  95Y PRIMZCY 3 ZP 防爆胎,//g-search1.alicdn.com/img/bao/uploaded/i4/i2/472684589/TB2CzuHyrJmpuFjSZFwXXaE4VXa_!!472684589.jpg,790.00,45.00,上海,7,23,472684589,wencb2010
Nike 耐克官方 SUNRAY ADJUST 4 (GS/PS) 幼童/大童凉鞋 386520,//g-search1.alicdn.com/img/bao/uploaded/i4/i1/890482188/O1CN011S292rsI49uNgLi_!!890482188.jpg,239.00,0.00,上海,98,849,890482188,nike官方旗舰店
cd收纳盒 家用dvd收纳碟片光盘盒日本进口漫画专辑整理 ps4收纳箱,//g-search3.alicdn.com/img/bao/uploaded/i4/i1/2639307992/TB2lZM_lmBYBeNjy0FeXXbnmFXa_!!2639307992.jpg,66.00,0.00,上海,206,1345,2639307992,e100yenshop
日本进口inomata收纳盒DVD碟片整理盒超大容量CD收纳盒ps4光盘盒,//g-search3.alicdn.com/img/bao/uploaded/i4/i4/TB1i00uRFXXXXagXFXXXXXXXXXX_!!0-item_pic.jpg,42.00,0.00,浙江 金华,261,375,2533251694,萌萌哒创意家居馆
Nike 耐克官方 SUNRAY ADJUST 4 (GS/PS) 幼童/大童凉鞋 386520,//g-search2.alicdn.com/img/bao/uploaded/i4/i4/3728394127/TB1gP7vtDqWBKNjSZFAXXanSpXa_!!0-item_pic.jpg,239.00,0.00,上海,59,399,3728394127,nike儿童官方旗舰店
米其林轮胎225/50R17 98W 4ST 浩悦4 静音米其林225 50 17 PS4,//g-search3.alicdn.com/img/bao/uploaded/i4/i1/927349816/TB2Nw95DrSYBuNjSspfXXcZCpXa_!!927349816.jpg,742.00,25.00,上海,7,2,927349816,无与轮比007
米其林轮胎215/45R17 ZR 91Y PS4 高性能改装升级 杭州实体店,//g-search2.alicdn.com/img/bao/uploaded/i4/i2/361642473/O1CN011U8fv4omHfsfpul_!!361642473.jpg,850.00,60.00,浙江 杭州,3,1,361642473,hsl00333
HTC VIVE近视镜片PSVR镜框索尼PRO/FOCUS/PS4VR二代平光保护镜片,//g-search3.alicdn.com/img/bao/uploaded/i4/i2/2657308513/TB2sQcccfDH8KJjy1XcXXcpdXXa_!!2657308513.jpg,29.00,0.00,湖北 武汉,29,205,2657308513,十才老板
江浙沪皖包邮  米其林轮胎 225/45R17 94W 3ST 4ST  94Y  PS4,//g-search1.alicdn.com/img/bao/uploaded/i4/i1/472684589/TB28OhosHtlpuFjSspoXXbcDpXa_!!472684589.jpg,815.00,45.00,上海,9,38,472684589,wencb2010
日本进口ISETO 漫画收纳箱DVD收纳盒PS4游戏光盘盒塑料有盖漫画盒,//g-search3.alicdn.com/img/bao/uploaded/i4/i3/11308198/TB1smazfNPI8KJjSspfXXcCFXXa_!!0-item_pic.jpg,78.00,8.00,上海,95,456,11308198,蓝色星河
Nike 耐克官方 KYRIE 4 (PS) 幼童运动童鞋 AA2898,//g-search1.alicdn.com/img/bao/uploaded/i4/i1/3728394127/TB1_TkQtyAnBKNjSZFvXXaTKXXa_!!0-item_pic.jpg,599.00,0.00,上海,30,24,3728394127,nike儿童官方旗舰店
全新米其林轮胎225/45R19 96W PS4 阿特兹 英菲尼迪G37 宝马3系,//g-search1.alicdn.com/img/bao/uploaded/i4/i2/361642473/TB2xhyPegLD8KJjSszeXXaGRpXa_!!361642473.jpg,1600.00,60.00,浙江 杭州,1,,361642473,hsl00333
米其林轮胎 225/45R18 ZR PS4 95W 适配起亚K5索纳塔八代尚酷,//g-search3.alicdn.com/img/bao/uploaded/i4/i1/2320347850/TB1v7h9axGYBuNjy0FnXXX5lpXa_!!0-item_pic.jpg,849.00,0.00,河北 保定,4,7,2320347850,驰远汽车用品专营店
创想电玩PS4主机4K高清家用游戏机slim/PRO,//g-search1.alicdn.com/img/bao/uploaded/i4/imgextra/i2/13967807/TB2tytjbVmWBuNjSspdXXbugXXa_!!0-saturn_solar.jpg,1699.00,0.00,上海,3207,,91913214,jxlyh91
香港直邮 索尼PS4主机PRO 体感家用游戏机,//g-search1.alicdn.com/img/bao/uploaded/i4/imgextra/i4/99675890/TB2LxPDrWQoBKNjSZJnXXaw9VXa_!!0-saturn_solar.jpg,2130.00,0.00,香港 香港岛,328,,2227329135,同为夏普迷
PS4 5.05版游戏机战神4星球大战2限定版主机,//g-search1.alicdn.com/img/bao/uploaded/i4/imgextra/i3/123956523/TB22BSTnRsmBKNjSZFFXXcT9VXa_!!0-saturn_solar.jpg,2050.16,0.00,湖南 长沙,7,,3312882228,索骏电子科技
艺电易玩 PS4主机SLIM Pro全新原装 港版国行新款500G/1TB游戏机,//g-search3.alicdn.com/img/bao/uploaded/i4/i1/305920714/TB2uayuz7SWBuNjSszdXXbeSpXa_!!305920714.jpg,1699.00,0.00,北京,1190,8853,305920714,birose
米其林正品汽车轮胎 215/55R17 PS4 98W  4ST 94V  94V 3ST,//g-search3.alicdn.com/img/bao/uploaded/i4/i4/927349816/TB2LHNaD7KWBuNjy1zjXXcOypXa_!!927349816.jpg,644.87,25.00,上海,43,21,927349816,无与轮比007
江浙沪皖包邮 米其林轮胎245/45R18 100Y AO ps3  PS4  100W 3ST,//g-search3.alicdn.com/img/bao/uploaded/i4/i1/472684589/TB2G_XgAhxmpuFjSZFNXXXrRXXa_!!472684589.jpg,970.00,45.00,上海,28,82,472684589,wencb2010
全新米其林轮胎245/45R18    100W   3ST浩悦/PS4/3ST ZP防爆,//g-search3.alicdn.com/img/bao/uploaded/i4/i3/3188594753/TB25LdAa8DH8KJjSspnXXbNAVXa_!!3188594753.jpg,940.00,80.00,上海,20,118,3188594753,一泓清水1510
江浙沪皖包邮 米其林轮胎 235/45R18    98Y  PS4 94V 3ST,//g-search1.alicdn.com/img/bao/uploaded/i4/i2/747414662/TB2tdczlBDH8KJjSspnXXbNAVXa_!!747414662.jpg,965.00,80.00,上海,21,24,747414662,橄榄树1510
全新米其林轮胎235/45R17 97W  PS4 / 3ST/PS3 浩悦4代,//g-search3.alicdn.com/img/bao/uploaded/i4/i2/747414662/TB2DNPAakfb_uJkSnfoXXb_epXa_!!747414662.jpg,870.00,40.00,上海,30,171,747414662,橄榄树1510
全新米其林轮胎 215/55R17   3ST  浩悦  PS4 浩悦4代,//g-search2.alicdn.com/img/bao/uploaded/i4/i3/747414662/TB2cvxpXx6I8KJjSszfXXaZVXXa_!!747414662.jpg,650.00,40.00,上海,16,270,747414662,橄榄树1510
Onitsuka Tiger/鬼塚虎 男女休闲运动童鞋 MEXICO 66 PS  C4D5Y,//g-search1.alicdn.com/img/bao/uploaded/i4/i4/1635636237/O1CN011vwaiORCWJ4Nblt_!!1635636237.jpg,449.00,0.00,上海,189,1058,1635636237,onitsukatiger官方旗舰店
全新米其林轮胎 包邮江浙沪皖 225/45R18  225/235/40R18 PS4,//g-search3.alicdn.com/img/bao/uploaded/i4/i3/747414662/TB263R1ahPI8KJjSspfXXcCFXXa_!!747414662.jpg,780.00,40.00,上海,15,50,747414662,橄榄树1510
米其林轮胎PS4 235/45R18 225/245/255/275/35/40/50/55R17 19 20,//g-search2.alicdn.com/img/bao/uploaded/i4/i3/2822275097/TB2Lc7OaviSBuNkSnhJXXbDcpXa_!!2822275097.jpg,450.00,0.00,广东 深圳,30,242,2822275097,飞驰轮胎经营部
米其林轮胎245/45R18   100Y  PS3 PS4 轮胎  ZP 防爆,//g-search3.alicdn.com/img/bao/uploaded/i4/i2/3188594753/TB2tw0Ja26H8KJjSspmXXb2WXXa_!!3188594753.jpg,945.00,40.00,上海,11,33,3188594753,一泓清水1510
好礼相送！全新米其林 235/35R19 ZR 91Y PSS PS4S CUP2 CLA45 AM,//g-search3.alicdn.com/img/bao/uploaded/i4/i1/759135497/TB27EM4ashmZKJjSZFPXXc5_XXa_!!759135497.jpg,1110.00,0.00,上海,9,34,759135497,菲林009
PS4 全新米其林轮胎205/215/225/235/245/255/35/40/45R17R18R19,//g-search3.alicdn.com/img/bao/uploaded/i4/i4/352556966/TB2tjB1jamgSKJjSspiXXXyJFXa_!!352556966.jpg,820.00,25.00,上海,20,125,352556966,大余的春天
PS4 全新米其林轮胎205/215/225/235/245/255/35/40/45R17R18R19,//g-search3.alicdn.com/img/bao/uploaded/i4/i2/759135497/TB2Xf3FmILJ8KJjy0FnXXcFDpXa_!!759135497.jpg,820.00,25.00,上海,15,2,759135497,菲林009
Nike 耐克官方 KYRIE 4 (PS) 幼童运动童鞋 AA2898,//g-search3.alicdn.com/img/bao/uploaded/i4/i4/890482188/TB2yRSotQUmBKNjSZFOXXab2XXa_!!890482188-0-item_pic.jpg,599.00,0.00,上海,102,161,890482188,nike官方旗舰店
全新米其林轮胎235/35R19 91Y（ZR）PSS PS4S CUP2 福克斯RS/CLA4,//g-search1.alicdn.com/img/bao/uploaded/i4/i4/352556966/TB2idDfHeuSBuNjSsziXXbq8pXa_!!352556966.jpg,1110.00,0.00,上海,10,57,352556966,大余的春天
米其林轮胎225/40R18 PS4 92Y 操控 奥迪A3原配 全新正品 送气嘴,//g-search3.alicdn.com/img/bao/uploaded/i4/i4/899920643/O1CN011GcX79kK3Rz0n22_!!899920643.jpg,879.12,15.00,广东 广州,9,10,899920643,沈丶华丶兴
巨阳CD架DVD收纳架 碟片架 ps4游戏光盘整理架 蓝光碟 黑胶碟片架,//g-search3.alicdn.com/img/bao/uploaded/i4/i1/3193332515/TB1uSSnk_JYBeNjy1zeXXahzVXa_!!0-item_pic.jpg,95.00,0.00,福建 福州,125,259,3193332515,巨阳家居旗舰店
全新米其林轮胎 Pilot Sport 4 S 255/40R20 ZR 101Y PS4S 正品,//g-search1.alicdn.com/img/bao/uploaded/i4/i2/759135497/TB2yU.mm8cHL1JjSZFBXXaiGXXa_!!759135497.jpg,1950.00,0.00,上海,4,,759135497,菲林009
米其林轮胎225/45R19 PILOT SPORT4 竞驰PS4 96W阿特兹适配全新,//g-search1.alicdn.com/img/bao/uploaded/i4/i3/2620648863/TB1s.N.zuuSBuNjSsziXXbq8pXa_!!0-item_pic.jpg,1750.00,58.50,北京,5,17,2620648863,安德诚汽车用品专营店
米其林轮胎 225/45R18 95W   PS4  95Y PRIMZCY 3 ZP 防爆胎,//g-search3.alicdn.com/img/bao/uploaded/i4/i2/472684589/TB2CzuHyrJmpuFjSZFwXXaE4VXa_!!472684589.jpg,790.00,45.00,上海,7,23,472684589,wencb2010
Nike 耐克官方 SUNRAY ADJUST 4 (GS/PS) 幼童/大童凉鞋 386520,//g-search3.alicdn.com/img/bao/uploaded/i4/i1/890482188/O1CN011S292rsI49uNgLi_!!890482188.jpg,239.00,0.00,上海,98,849,890482188,nike官方旗舰店
cd收纳盒 家用dvd收纳碟片光盘盒日本进口漫画专辑整理 ps4收纳箱,//g-search3.alicdn.com/img/bao/uploaded/i4/i1/2639307992/TB2lZM_lmBYBeNjy0FeXXbnmFXa_!!2639307992.jpg,66.00,0.00,上海,206,1345,2639307992,e100yenshop
日本进口inomata收纳盒DVD碟片整理盒超大容量CD收纳盒ps4光盘盒,//g-search3.alicdn.com/img/bao/uploaded/i4/i4/TB1i00uRFXXXXagXFXXXXXXXXXX_!!0-item_pic.jpg,42.00,0.00,浙江 金华,261,375,2533251694,萌萌哒创意家居馆
Nike 耐克官方 SUNRAY ADJUST 4 (GS/PS) 幼童/大童凉鞋 386520,//g-search3.alicdn.com/img/bao/uploaded/i4/i4/3728394127/TB1gP7vtDqWBKNjSZFAXXanSpXa_!!0-item_pic.jpg,239.00,0.00,上海,59,399,3728394127,nike儿童官方旗舰店
米其林轮胎225/50R17 98W 4ST 浩悦4 静音米其林225 50 17 PS4,//g-search3.alicdn.com/img/bao/uploaded/i4/i1/927349816/TB2Nw95DrSYBuNjSspfXXcZCpXa_!!927349816.jpg,742.00,25.00,上海,7,2,927349816,无与轮比007
米其林轮胎215/45R17 ZR 91Y PS4 高性能改装升级 杭州实体店,//g-search3.alicdn.com/img/bao/uploaded/i4/i2/361642473/O1CN011U8fv4omHfsfpul_!!361642473.jpg,850.00,60.00,浙江 杭州,3,1,361642473,hsl00333
HTC VIVE近视镜片PSVR镜框索尼PRO/FOCUS/PS4VR二代平光保护镜片,//g-search2.alicdn.com/img/bao/uploaded/i4/i2/2657308513/TB2sQcccfDH8KJjy1XcXXcpdXXa_!!2657308513.jpg,29.00,0.00,湖北 武汉,29,205,2657308513,十才老板
江浙沪皖包邮  米其林轮胎 225/45R17 94W 3ST 4ST  94Y  PS4,//g-search1.alicdn.com/img/bao/uploaded/i4/i1/472684589/TB28OhosHtlpuFjSspoXXbcDpXa_!!472684589.jpg,815.00,45.00,上海,9,38,472684589,wencb2010
日本进口ISETO 漫画收纳箱DVD收纳盒PS4游戏光盘盒塑料有盖漫画盒,//g-search2.alicdn.com/img/bao/uploaded/i4/i3/11308198/TB1smazfNPI8KJjSspfXXcCFXXa_!!0-item_pic.jpg,78.00,8.00,上海,95,456,11308198,蓝色星河
Nike 耐克官方 KYRIE 4 (PS) 幼童运动童鞋 AA2898,//g-search3.alicdn.com/img/bao/uploaded/i4/i1/3728394127/TB1_TkQtyAnBKNjSZFvXXaTKXXa_!!0-item_pic.jpg,599.00,0.00,上海,30,24,3728394127,nike儿童官方旗舰店
全新米其林轮胎225/45R19 96W PS4 阿特兹 英菲尼迪G37 宝马3系,//g-search3.alicdn.com/img/bao/uploaded/i4/i2/361642473/TB2xhyPegLD8KJjSszeXXaGRpXa_!!361642473.jpg,1600.00,60.00,浙江 杭州,1,,361642473,hsl00333
米其林轮胎 225/45R18 ZR PS4 95W 适配起亚K5索纳塔八代尚酷,//g-search1.alicdn.com/img/bao/uploaded/i4/i1/2320347850/TB1v7h9axGYBuNjy0FnXXX5lpXa_!!0-item_pic.jpg,849.00,0.00,河北 保定,4,7,2320347850,驰远汽车用品专营店
创想电玩PS4主机4K高清家用游戏机slim/PRO,//g-search1.alicdn.com/img/bao/uploaded/i4/imgextra/i2/13967807/TB2tytjbVmWBuNjSspdXXbugXXa_!!0-saturn_solar.jpg,1699.00,0.00,上海,3207,,91913214,jxlyh91
香港直邮 索尼PS4主机PRO 体感家用游戏机,//g-search1.alicdn.com/img/bao/uploaded/i4/imgextra/i4/99675890/TB2LxPDrWQoBKNjSZJnXXaw9VXa_!!0-saturn_solar.jpg,2130.00,0.00,香港 香港岛,328,,2227329135,同为夏普迷
PS4 5.05版游戏机战神4星球大战2限定版主机,//g-search1.alicdn.com/img/bao/uploaded/i4/imgextra/i3/123956523/TB22BSTnRsmBKNjSZFFXXcT9VXa_!!0-saturn_solar.jpg,2050.16,0.00,湖南 长沙,7,,3312882228,索骏电子科技
艺电易玩 PS4主机SLIM Pro全新原装 港版国行新款500G/1TB游戏机,//g-search2.alicdn.com/img/bao/uploaded/i4/i1/305920714/TB2uayuz7SWBuNjSszdXXbeSpXa_!!305920714.jpg,1699.00,0.00,北京,1190,8853,305920714,birose
米其林正品汽车轮胎 215/55R17 PS4 98W  4ST 94V  94V 3ST,//g-search2.alicdn.com/img/bao/uploaded/i4/i4/927349816/TB2LHNaD7KWBuNjy1zjXXcOypXa_!!927349816.jpg,644.87,25.00,上海,43,21,927349816,无与轮比007
江浙沪皖包邮 米其林轮胎245/45R18 100Y AO ps3  PS4  100W 3ST,//g-search1.alicdn.com/img/bao/uploaded/i4/i1/472684589/TB2G_XgAhxmpuFjSZFNXXXrRXXa_!!472684589.jpg,970.00,45.00,上海,28,82,472684589,wencb2010
全新米其林轮胎245/45R18    100W   3ST浩悦/PS4/3ST ZP防爆,//g-search1.alicdn.com/img/bao/uploaded/i4/i3/3188594753/TB25LdAa8DH8KJjSspnXXbNAVXa_!!3188594753.jpg,940.00,80.00,上海,20,118,3188594753,一泓清水1510
江浙沪皖包邮 米其林轮胎 235/45R18    98Y  PS4 94V 3ST,//g-search1.alicdn.com/img/bao/uploaded/i4/i2/747414662/TB2tdczlBDH8KJjSspnXXbNAVXa_!!747414662.jpg,965.00,80.00,上海,21,24,747414662,橄榄树1510
全新米其林轮胎235/45R17 97W  PS4 / 3ST/PS3 浩悦4代,//g-search1.alicdn.com/img/bao/uploaded/i4/i2/747414662/TB2DNPAakfb_uJkSnfoXXb_epXa_!!747414662.jpg,870.00,40.00,上海,30,171,747414662,橄榄树1510
全新米其林轮胎 215/55R17   3ST  浩悦  PS4 浩悦4代,//g-search3.alicdn.com/img/bao/uploaded/i4/i3/747414662/TB2cvxpXx6I8KJjSszfXXaZVXXa_!!747414662.jpg,650.00,40.00,上海,16,270,747414662,橄榄树1510
Onitsuka Tiger/鬼塚虎 男女休闲运动童鞋 MEXICO 66 PS  C4D5Y,//g-search1.alicdn.com/img/bao/uploaded/i4/i4/1635636237/O1CN011vwaiORCWJ4Nblt_!!1635636237.jpg,449.00,0.00,上海,189,1058,1635636237,onitsukatiger官方旗舰店
全新米其林轮胎 包邮江浙沪皖 225/45R18  225/235/40R18 PS4,//g-search3.alicdn.com/img/bao/uploaded/i4/i3/747414662/TB263R1ahPI8KJjSspfXXcCFXXa_!!747414662.jpg,780.00,40.00,上海,15,50,747414662,橄榄树1510
米其林轮胎PS4 235/45R18 225/245/255/275/35/40/50/55R17 19 20,//g-search2.alicdn.com/img/bao/uploaded/i4/i3/2822275097/TB2Lc7OaviSBuNkSnhJXXbDcpXa_!!2822275097.jpg,450.00,0.00,广东 深圳,30,242,2822275097,飞驰轮胎经营部
米其林轮胎245/45R18   100Y  PS3 PS4 轮胎  ZP 防爆,//g-search2.alicdn.com/img/bao/uploaded/i4/i2/3188594753/TB2tw0Ja26H8KJjSspmXXb2WXXa_!!3188594753.jpg,945.00,40.00,上海,11,33,3188594753,一泓清水1510
好礼相送！全新米其林 235/35R19 ZR 91Y PSS PS4S CUP2 CLA45 AM,//g-search1.alicdn.com/img/bao/uploaded/i4/i1/759135497/TB27EM4ashmZKJjSZFPXXc5_XXa_!!759135497.jpg,1110.00,0.00,上海,9,34,759135497,菲林009
PS4 全新米其林轮胎205/215/225/235/245/255/35/40/45R17R18R19,//g-search2.alicdn.com/img/bao/uploaded/i4/i4/352556966/TB2tjB1jamgSKJjSspiXXXyJFXa_!!352556966.jpg,820.00,25.00,上海,20,125,352556966,大余的春天
PS4 全新米其林轮胎205/215/225/235/245/255/35/40/45R17R18R19,//g-search2.alicdn.com/img/bao/uploaded/i4/i2/759135497/TB2Xf3FmILJ8KJjy0FnXXcFDpXa_!!759135497.jpg,820.00,25.00,上海,15,2,759135497,菲林009
Nike 耐克官方 KYRIE 4 (PS) 幼童运动童鞋 AA2898,//g-search3.alicdn.com/img/bao/uploaded/i4/i4/890482188/TB2yRSotQUmBKNjSZFOXXab2XXa_!!890482188-0-item_pic.jpg,599.00,0.00,上海,102,161,890482188,nike官方旗舰店
全新米其林轮胎235/35R19 91Y（ZR）PSS PS4S CUP2 福克斯RS/CLA4,//g-search1.alicdn.com/img/bao/uploaded/i4/i4/352556966/TB2idDfHeuSBuNjSsziXXbq8pXa_!!352556966.jpg,1110.00,0.00,上海,10,57,352556966,大余的春天
米其林轮胎225/40R18 PS4 92Y 操控 奥迪A3原配 全新正品 送气嘴,//g-search3.alicdn.com/img/bao/uploaded/i4/i4/899920643/O1CN011GcX79kK3Rz0n22_!!899920643.jpg,879.12,15.00,广东 广州,9,10,899920643,沈丶华丶兴
巨阳CD架DVD收纳架 碟片架 ps4游戏光盘整理架 蓝光碟 黑胶碟片架,//g-search3.alicdn.com/img/bao/uploaded/i4/i1/3193332515/TB1uSSnk_JYBeNjy1zeXXahzVXa_!!0-item_pic.jpg,95.00,0.00,福建 福州,125,259,3193332515,巨阳家居旗舰店
全新米其林轮胎 Pilot Sport 4 S 255/40R20 ZR 101Y PS4S 正品,//g-search3.alicdn.com/img/bao/uploaded/i4/i2/759135497/TB2yU.mm8cHL1JjSZFBXXaiGXXa_!!759135497.jpg,1950.00,0.00,上海,4,,759135497,菲林009
米其林轮胎225/45R19 PILOT SPORT4 竞驰PS4 96W阿特兹适配全新,//g-search1.alicdn.com/img/bao/uploaded/i4/i3/2620648863/TB1s.N.zuuSBuNjSsziXXbq8pXa_!!0-item_pic.jpg,1750.00,58.50,北京,5,17,2620648863,安德诚汽车用品专营店
米其林轮胎 225/45R18 95W   PS4  95Y PRIMZCY 3 ZP 防爆胎,//g-search1.alicdn.com/img/bao/uploaded/i4/i2/472684589/TB2CzuHyrJmpuFjSZFwXXaE4VXa_!!472684589.jpg,790.00,45.00,上海,7,23,472684589,wencb2010
Nike 耐克官方 SUNRAY ADJUST 4 (GS/PS) 幼童/大童凉鞋 386520,//g-search3.alicdn.com/img/bao/uploaded/i4/i1/890482188/O1CN011S292rsI49uNgLi_!!890482188.jpg,239.00,0.00,上海,98,849,890482188,nike官方旗舰店
cd收纳盒 家用dvd收纳碟片光盘盒日本进口漫画专辑整理 ps4收纳箱,//g-search2.alicdn.com/img/bao/uploaded/i4/i1/2639307992/TB2lZM_lmBYBeNjy0FeXXbnmFXa_!!2639307992.jpg,66.00,0.00,上海,206,1345,2639307992,e100yenshop
日本进口inomata收纳盒DVD碟片整理盒超大容量CD收纳盒ps4光盘盒,//g-search2.alicdn.com/img/bao/uploaded/i4/i4/TB1i00uRFXXXXagXFXXXXXXXXXX_!!0-item_pic.jpg,42.00,0.00,浙江 金华,261,375,2533251694,萌萌哒创意家居馆
Nike 耐克官方 SUNRAY ADJUST 4 (GS/PS) 幼童/大童凉鞋 386520,//g-search3.alicdn.com/img/bao/uploaded/i4/i4/3728394127/TB1gP7vtDqWBKNjSZFAXXanSpXa_!!0-item_pic.jpg,239.00,0.00,上海,59,399,3728394127,nike儿童官方旗舰店
米其林轮胎225/50R17 98W 4ST 浩悦4 静音米其林225 50 17 PS4,//g-search1.alicdn.com/img/bao/uploaded/i4/i1/927349816/TB2Nw95DrSYBuNjSspfXXcZCpXa_!!927349816.jpg,742.00,25.00,上海,7,2,927349816,无与轮比007
米其林轮胎215/45R17 ZR 91Y PS4 高性能改装升级 杭州实体店,//g-search3.alicdn.com/img/bao/uploaded/i4/i2/361642473/O1CN011U8fv4omHfsfpul_!!361642473.jpg,850.00,60.00,浙江 杭州,3,1,361642473,hsl00333
HTC VIVE近视镜片PSVR镜框索尼PRO/FOCUS/PS4VR二代平光保护镜片,//g-search3.alicdn.com/img/bao/uploaded/i4/i2/2657308513/TB2sQcccfDH8KJjy1XcXXcpdXXa_!!2657308513.jpg,29.00,0.00,湖北 武汉,29,205,2657308513,十才老板
江浙沪皖包邮  米其林轮胎 225/45R17 94W 3ST 4ST  94Y  PS4,//g-search3.alicdn.com/img/bao/uploaded/i4/i1/472684589/TB28OhosHtlpuFjSspoXXbcDpXa_!!472684589.jpg,815.00,45.00,上海,9,38,472684589,wencb2010
日本进口ISETO 漫画收纳箱DVD收纳盒PS4游戏光盘盒塑料有盖漫画盒,//g-search2.alicdn.com/img/bao/uploaded/i4/i3/11308198/TB1smazfNPI8KJjSspfXXcCFXXa_!!0-item_pic.jpg,78.00,8.00,上海,95,456,11308198,蓝色星河
Nike 耐克官方 KYRIE 4 (PS) 幼童运动童鞋 AA2898,//g-search1.alicdn.com/img/bao/uploaded/i4/i1/3728394127/TB1_TkQtyAnBKNjSZFvXXaTKXXa_!!0-item_pic.jpg,599.00,0.00,上海,30,24,3728394127,nike儿童官方旗舰店
全新米其林轮胎225/45R19 96W PS4 阿特兹 英菲尼迪G37 宝马3系,//g-search1.alicdn.com/img/bao/uploaded/i4/i2/361642473/TB2xhyPegLD8KJjSszeXXaGRpXa_!!361642473.jpg,1600.00,60.00,浙江 杭州,1,,361642473,hsl00333
米其林轮胎 225/45R18 ZR PS4 95W 适配起亚K5索纳塔八代尚酷,//g-search3.alicdn.com/img/bao/uploaded/i4/i1/2320347850/TB1v7h9axGYBuNjy0FnXXX5lpXa_!!0-item_pic.jpg,849.00,0.00,河北 保定,4,7,2320347850,驰远汽车用品专营店
创想电玩PS4主机4K高清家用游戏机slim/PRO,//g-search1.alicdn.com/img/bao/uploaded/i4/imgextra/i2/13967807/TB2tytjbVmWBuNjSspdXXbugXXa_!!0-saturn_solar.jpg,1699.00,0.00,上海,3207,,91913214,jxlyh91
香港直邮 索尼PS4主机PRO 体感家用游戏机,//g-search1.alicdn.com/img/bao/uploaded/i4/imgextra/i4/99675890/TB2LxPDrWQoBKNjSZJnXXaw9VXa_!!0-saturn_solar.jpg,2130.00,0.00,香港 香港岛,328,,2227329135,同为夏普迷
PS4 5.05版游戏机战神4星球大战2限定版主机,//g-search1.alicdn.com/img/bao/uploaded/i4/imgextra/i3/123956523/TB22BSTnRsmBKNjSZFFXXcT9VXa_!!0-saturn_solar.jpg,2050.16,0.00,湖南 长沙,7,,3312882228,索骏电子科技
艺电易玩 PS4主机SLIM Pro全新原装 港版国行新款500G/1TB游戏机,//g-search1.alicdn.com/img/bao/uploaded/i4/i1/305920714/TB2uayuz7SWBuNjSszdXXbeSpXa_!!305920714.jpg,1699.00,0.00,北京,1190,8853,305920714,birose
米其林正品汽车轮胎 215/55R17 PS4 98W  4ST 94V  94V 3ST,//g-search2.alicdn.com/img/bao/uploaded/i4/i4/927349816/TB2LHNaD7KWBuNjy1zjXXcOypXa_!!927349816.jpg,644.87,25.00,上海,43,21,927349816,无与轮比007
江浙沪皖包邮 米其林轮胎245/45R18 100Y AO ps3  PS4  100W 3ST,//g-search3.alicdn.com/img/bao/uploaded/i4/i1/472684589/TB2G_XgAhxmpuFjSZFNXXXrRXXa_!!472684589.jpg,970.00,45.00,上海,28,82,472684589,wencb2010
全新米其林轮胎245/45R18    100W   3ST浩悦/PS4/3ST ZP防爆,//g-search3.alicdn.com/img/bao/uploaded/i4/i3/3188594753/TB25LdAa8DH8KJjSspnXXbNAVXa_!!3188594753.jpg,940.00,80.00,上海,20,118,3188594753,一泓清水1510
江浙沪皖包邮 米其林轮胎 235/45R18    98Y  PS4 94V 3ST,//g-search3.alicdn.com/img/bao/uploaded/i4/i2/747414662/TB2tdczlBDH8KJjSspnXXbNAVXa_!!747414662.jpg,965.00,80.00,上海,21,24,747414662,橄榄树1510
全新米其林轮胎235/45R17 97W  PS4 / 3ST/PS3 浩悦4代,//g-search3.alicdn.com/img/bao/uploaded/i4/i2/747414662/TB2DNPAakfb_uJkSnfoXXb_epXa_!!747414662.jpg,870.00,40.00,上海,30,171,747414662,橄榄树1510
全新米其林轮胎 215/55R17   3ST  浩悦  PS4 浩悦4代,//g-search2.alicdn.com/img/bao/uploaded/i4/i3/747414662/TB2cvxpXx6I8KJjSszfXXaZVXXa_!!747414662.jpg,650.00,40.00,上海,16,270,747414662,橄榄树1510
Onitsuka Tiger/鬼塚虎 男女休闲运动童鞋 MEXICO 66 PS  C4D5Y,//g-search1.alicdn.com/img/bao/uploaded/i4/i4/1635636237/O1CN011vwaiORCWJ4Nblt_!!1635636237.jpg,449.00,0.00,上海,189,1058,1635636237,onitsukatiger官方旗舰店
全新米其林轮胎 包邮江浙沪皖 225/45R18  225/235/40R18 PS4,//g-search3.alicdn.com/img/bao/uploaded/i4/i3/747414662/TB263R1ahPI8KJjSspfXXcCFXXa_!!747414662.jpg,780.00,40.00,上海,15,50,747414662,橄榄树1510
米其林轮胎PS4 235/45R18 225/245/255/275/35/40/50/55R17 19 20,//g-search2.alicdn.com/img/bao/uploaded/i4/i3/2822275097/TB2Lc7OaviSBuNkSnhJXXbDcpXa_!!2822275097.jpg,450.00,0.00,广东 深圳,30,242,2822275097,飞驰轮胎经营部
米其林轮胎245/45R18   100Y  PS3 PS4 轮胎  ZP 防爆,//g-search3.alicdn.com/img/bao/uploaded/i4/i2/3188594753/TB2tw0Ja26H8KJjSspmXXb2WXXa_!!3188594753.jpg,945.00,40.00,上海,11,33,3188594753,一泓清水1510
好礼相送！全新米其林 235/35R19 ZR 91Y PSS PS4S CUP2 CLA45 AM,//g-search2.alicdn.com/img/bao/uploaded/i4/i1/759135497/TB27EM4ashmZKJjSZFPXXc5_XXa_!!759135497.jpg,1110.00,0.00,上海,9,34,759135497,菲林009
PS4 全新米其林轮胎205/215/225/235/245/255/35/40/45R17R18R19,//g-search3.alicdn.com/img/bao/uploaded/i4/i4/352556966/TB2tjB1jamgSKJjSspiXXXyJFXa_!!352556966.jpg,820.00,25.00,上海,20,125,352556966,大余的春天
PS4 全新米其林轮胎205/215/225/235/245/255/35/40/45R17R18R19,//g-search2.alicdn.com/img/bao/uploaded/i4/i2/759135497/TB2Xf3FmILJ8KJjy0FnXXcFDpXa_!!759135497.jpg,820.00,25.00,上海,15,2,759135497,菲林009
Nike 耐克官方 KYRIE 4 (PS) 幼童运动童鞋 AA2898,//g-search3.alicdn.com/img/bao/uploaded/i4/i4/890482188/TB2yRSotQUmBKNjSZFOXXab2XXa_!!890482188-0-item_pic.jpg,599.00,0.00,上海,102,161,890482188,nike官方旗舰店
全新米其林轮胎235/35R19 91Y（ZR）PSS PS4S CUP2 福克斯RS/CLA4,//g-search1.alicdn.com/img/bao/uploaded/i4/i4/352556966/TB2idDfHeuSBuNjSsziXXbq8pXa_!!352556966.jpg,1110.00,0.00,上海,10,57,352556966,大余的春天
米其林轮胎225/40R18 PS4 92Y 操控 奥迪A3原配 全新正品 送气嘴,//g-search3.alicdn.com/img/bao/uploaded/i4/i4/899920643/O1CN011GcX79kK3Rz0n22_!!899920643.jpg,879.12,15.00,广东 广州,9,10,899920643,沈丶华丶兴
巨阳CD架DVD收纳架 碟片架 ps4游戏光盘整理架 蓝光碟 黑胶碟片架,//g-search1.alicdn.com/img/bao/uploaded/i4/i1/3193332515/TB1uSSnk_JYBeNjy1zeXXahzVXa_!!0-item_pic.jpg,95.00,0.00,福建 福州,125,259,3193332515,巨阳家居旗舰店
全新米其林轮胎 Pilot Sport 4 S 255/40R20 ZR 101Y PS4S 正品,//g-search3.alicdn.com/img/bao/uploaded/i4/i2/759135497/TB2yU.mm8cHL1JjSZFBXXaiGXXa_!!759135497.jpg,1950.00,0.00,上海,4,,759135497,菲林009
米其林轮胎225/45R19 PILOT SPORT4 竞驰PS4 96W阿特兹适配全新,//g-search3.alicdn.com/img/bao/uploaded/i4/i3/2620648863/TB1s.N.zuuSBuNjSsziXXbq8pXa_!!0-item_pic.jpg,1750.00,58.50,北京,5,17,2620648863,安德诚汽车用品专营店
米其林轮胎 225/45R18 95W   PS4  95Y PRIMZCY 3 ZP 防爆胎,//g-search1.alicdn.com/img/bao/uploaded/i4/i2/472684589/TB2CzuHyrJmpuFjSZFwXXaE4VXa_!!472684589.jpg,790.00,45.00,上海,7,23,472684589,wencb2010
Nike 耐克官方 SUNRAY ADJUST 4 (GS/PS) 幼童/大童凉鞋 386520,//g-search3.alicdn.com/img/bao/uploaded/i4/i1/890482188/O1CN011S292rsI49uNgLi_!!890482188.jpg,239.00,0.00,上海,98,849,890482188,nike官方旗舰店
cd收纳盒 家用dvd收纳碟片光盘盒日本进口漫画专辑整理 ps4收纳箱,//g-search2.alicdn.com/img/bao/uploaded/i4/i1/2639307992/TB2lZM_lmBYBeNjy0FeXXbnmFXa_!!2639307992.jpg,66.00,0.00,上海,206,1345,2639307992,e100yenshop
日本进口inomata收纳盒DVD碟片整理盒超大容量CD收纳盒ps4光盘盒,//g-search3.alicdn.com/img/bao/uploaded/i4/i4/TB1i00uRFXXXXagXFXXXXXXXXXX_!!0-item_pic.jpg,42.00,0.00,浙江 金华,261,375,2533251694,萌萌哒创意家居馆
Nike 耐克官方 SUNRAY ADJUST 4 (GS/PS) 幼童/大童凉鞋 386520,//g-search2.alicdn.com/img/bao/uploaded/i4/i4/3728394127/TB1gP7vtDqWBKNjSZFAXXanSpXa_!!0-item_pic.jpg,239.00,0.00,上海,59,399,3728394127,nike儿童官方旗舰店
米其林轮胎225/50R17 98W 4ST 浩悦4 静音米其林225 50 17 PS4,//g-search3.alicdn.com/img/bao/uploaded/i4/i1/927349816/TB2Nw95DrSYBuNjSspfXXcZCpXa_!!927349816.jpg,742.00,25.00,上海,7,2,927349816,无与轮比007
米其林轮胎215/45R17 ZR 91Y PS4 高性能改装升级 杭州实体店,//g-search3.alicdn.com/img/bao/uploaded/i4/i2/361642473/O1CN011U8fv4omHfsfpul_!!361642473.jpg,850.00,60.00,浙江 杭州,3,1,361642473,hsl00333
HTC VIVE近视镜片PSVR镜框索尼PRO/FOCUS/PS4VR二代平光保护镜片,//g-search1.alicdn.com/img/bao/uploaded/i4/i2/2657308513/TB2sQcccfDH8KJjy1XcXXcpdXXa_!!2657308513.jpg,29.00,0.00,湖北 武汉,29,205,2657308513,十才老板
江浙沪皖包邮  米其林轮胎 225/45R17 94W 3ST 4ST  94Y  PS4,//g-search1.alicdn.com/img/bao/uploaded/i4/i1/472684589/TB28OhosHtlpuFjSspoXXbcDpXa_!!472684589.jpg,815.00,45.00,上海,9,38,472684589,wencb2010
日本进口ISETO 漫画收纳箱DVD收纳盒PS4游戏光盘盒塑料有盖漫画盒,//g-search2.alicdn.com/img/bao/uploaded/i4/i3/11308198/TB1smazfNPI8KJjSspfXXcCFXXa_!!0-item_pic.jpg,78.00,8.00,上海,95,456,11308198,蓝色星河
Nike 耐克官方 KYRIE 4 (PS) 幼童运动童鞋 AA2898,//g-search3.alicdn.com/img/bao/uploaded/i4/i1/3728394127/TB1_TkQtyAnBKNjSZFvXXaTKXXa_!!0-item_pic.jpg,599.00,0.00,上海,30,24,3728394127,nike儿童官方旗舰店
全新米其林轮胎225/45R19 96W PS4 阿特兹 英菲尼迪G37 宝马3系,//g-search3.alicdn.com/img/bao/uploaded/i4/i2/361642473/TB2xhyPegLD8KJjSszeXXaGRpXa_!!361642473.jpg,1600.00,60.00,浙江 杭州,1,,361642473,hsl00333
米其林轮胎 225/45R18 ZR PS4 95W 适配起亚K5索纳塔八代尚酷,//g-search2.alicdn.com/img/bao/uploaded/i4/i1/2320347850/TB1v7h9axGYBuNjy0FnXXX5lpXa_!!0-item_pic.jpg,849.00,0.00,河北 保定,4,7,2320347850,驰远汽车用品专营店
